id,geom_xq,fid,nm_xq,id_xq,lon_earth,lat_earth,lon_mars,lat_mars,id_county,nm_county,nm_shangqu,manage_com,bld_area,r_green,plot_ratio,dishang,dixia,n_parking,n_bld,n_hhld,year_built,fee,n_sale,n_rent,developer,price,yt_bieshu,yt_gongyu,yt_pingfan,yt_zhuzhai,yt_shangye,yt_shangzh,yt_siheyua,id_xq_old,id_beike,yt_unkow_1,area_beike,area_xq,area_ratio,avg_area,unit_rent,id_shp,id_shp2,id_shp,nm_village,nm_town,nm_county,nm_busi_in,dis_tam,area
5811,"MULTIPOLYGON (((116.44798546315872 39.89311164318781, 116.44796950019236 39.89246163839397, 116.44676214235903 39.89248405039865, 116.44594089495638 39.89249531800459, 116.44592783410235 39.892694281316096, 116.44598297603363 39.89275439380026, 116.44601804689546 39.89295345873518, 116.4464672726466 39.892955403968756, 116.44668487081015 39.89295086509043, 116.44678714441125 39.89301707857538, 116.44683928890208 39.89301018976852, 116.4468904207564 39.89308229561152, 116.44699069156718 39.89312750632939, 116.44798546315872 39.89311164318781)))",5811,广渠门外大街路北区,103964,116.4470517,39.89276801,116.4532348,39.89412762,110105000,朝阳区,双井,北京房地产集团有限公司第一物业管理分公司,-1,10,2.9,-1,-1,-1,6,610,1990,1.7,13,6,北京房地集团有限公司,69682,0,0,0,1,1,0,0,9178,109498747,0,0.010857309,0.010857309,1,-1,107,5810,,90600,富力西社区,双井街道,朝阳区,双井,5101.484809,0.580827237
5812,"MULTIPOLYGON (((116.44798439836131 39.893598618881185, 116.4479653938879 39.89321159563866, 116.4470859477583 39.893184706808825, 116.44708092774272 39.89323369378002, 116.44708288556683 39.893607681349465, 116.4474920159438 39.89365355486774, 116.44796031991291 39.89368756273086, 116.44798439836131 39.893598618881185)))",5812,广馨居,101737,116.4475369,39.89342629,116.4537189,39.894785,110105000,朝阳区,双井,北京房泰物业管理有限责任公司,20000,30,3.3,-1,-1,-1,2,180,2000,1.7,5,2,-1,60360,0,0,0,1,0,0,0,9162,109498995,0,0.003846198,0.003846198,1,111.1111111,90,5811,,90600,富力西社区,双井街道,朝阳区,双井,5101.484809,0.580827237
5813,"MULTIPOLYGON (((116.4440847041459 39.89424640954422, 116.44408380572315 39.89342544542802, 116.44410496497221 39.89260152613957, 116.44409996474167 39.892503520720936, 116.44309333289107 39.89250349553993, 116.44259003360321 39.8925054965315, 116.44184312775815 39.89250603072878, 116.44097795027221 39.89251735858926, 116.44097591420712 39.89276434300007, 116.44103105164174 39.89276744835911, 116.44099988024038 39.89350935487289, 116.44162545315226 39.893490562639386, 116.44188811274626 39.89352807156331, 116.4420805919458 39.893606443882334, 116.44216479636827 39.89368460575997, 116.44222694491759 39.893766723755334, 116.44227305046093 39.89386281002072, 116.44229108366665 39.893961840666464, 116.44239733856637 39.89409604379745, 116.44256975479038 39.89430237435516, 116.4428013275193 39.894483824269116, 116.44294167931514 39.894570098930956, 116.44310609337163 39.8946654216719, 116.44336575372665 39.89477293562254, 116.44364046513545 39.89481848538486, 116.4441036789417 39.89484642102559, 116.4440847041459 39.89424640954422)))",5813,富力城E区,101738,116.4428374,39.8934275,116.4490306,39.89479486,110105000,朝阳区,双井,北京恒富物业管理有限公司,20000,50,1.2,100,400,500,16,260,2008,6.166666667,14,8,-1,88834,1,0,0,1,1,0,0,9586,109497111,0,0.048522209,0.048522209,1,76.92307692,141,5812,,90600,富力西社区,双井街道,朝阳区,双井,5101.484809,0.580827237
5814,"MULTIPOLYGON (((116.44088559799206 39.89348613707563, 116.44034526192434 39.89346511002685, 116.44032519535153 39.893599065844285, 116.43944404051012 39.89360841249828, 116.43937777936105 39.89440625324602, 116.4394168710918 39.894429324453824, 116.43968351648118 39.89444982000322, 116.44083835300762 39.894496000190315, 116.44088559799206 39.89348613707563)))",5814,远洋德邑,101739,116.4401685,39.89400982,116.4463678,39.89538178,110101000,东城区,广渠门,河北恒辉物业服务集团有限公司北京分公司,100000,33,3,150,290,440,4,789,2003,2.92,26,4,北京方锦基业房地产开发有限公司,82324,0,0,0,1,1,0,0,981,109528767,0,0.012531898,0.012531898,1,126.7427123,107,5813,,90600,富力西社区,双井街道,朝阳区,双井,5101.484809,0.580827237
5815,"MULTIPOLYGON (((116.44937104054111 39.89587654856393, 116.4496067402589 39.89568507840369, 116.44959875158122 39.89541407310105, 116.44960004660493 39.8931041815128, 116.44925204854326 39.89311241120885, 116.44923504865858 39.8927253915636, 116.44870153125078 39.892717220323505, 116.44867030229273 39.89383810024816, 116.44798336324163 39.89385860479081, 116.44798237938335 39.89370360933418, 116.4474809839603 39.89366253100104, 116.44706683896356 39.89362764629891, 116.4470548518999 39.89326163751463, 116.44682523249855 39.89315015305715, 116.44667985439185 39.89297185346834, 116.44599097190587 39.89296340163975, 116.44596392209735 39.89277335330769, 116.44589072897406 39.892725201806684, 116.44590178703788 39.89250323563584, 116.44450904115934 39.89254835192497, 116.44444085815917 39.89256721160757, 116.44441172372217 39.893015131543166, 116.4443846064645 39.89337506001107, 116.44437045473273 39.89427998933007, 116.4443873350076 39.895587964213234, 116.44442642134231 39.89572703807238, 116.44457479419145 39.89589333351057, 116.44824182929699 39.89591807206142, 116.44937104054111 39.89587654856393)))",5815,富力城D区,101741,116.44684,39.89444416,116.4530237,39.89580418,110105000,朝阳区,双井,富力物业,1400000,56,2.7,0,3818,3818,55,2954,2006,9.6,81,28,北京富力城房地产开发有限公司,105177,0,0,0,1,1,0,0,9587,109497107,1,0.139354462,0.139354462,1,473.9336493,138,5814,,90600,富力西社区,双井街道,朝阳区,双井,5101.484809,0.580827237
5859,"MULTIPOLYGON (((116.44382966270882 39.897180760683625, 116.44401817769676 39.89702914847646, 116.44400224260949 39.896182154382984, 116.44378770304013 39.89598972914274, 116.4421554973784 39.89586848794039, 116.44200096866984 39.896941137223735, 116.44199192149006 39.89712911081983, 116.44308071450348 39.89713925966913, 116.44308171365026 39.89716826010715, 116.44343763653774 39.89718497130946, 116.44382966270882 39.897180760683625)))",5859,CBD总部公寓一期,106127,116.443015,39.89655594,116.4492083,39.89792315,110105000,朝阳区,双井,北京华润置地物业管理有限公司,-1,30,4.4,150,350,500,5,492,2004,2.6,13,5,北京金隅嘉业房地产开发有限公司,93755,0,0,0,1,0,0,0,12519,109505299,0,0.022227762,0.022227762,1,-1,112,5858,,90600,富力西社区,双井街道,朝阳区,双井,5101.484809,0.580827237
5860,"MULTIPOLYGON (((116.44601156638078 39.89662127804963, 116.4460016009931 39.896133278927714, 116.44428198212779 39.896169723953676, 116.44428286616142 39.89710768267349, 116.44599947139852 39.89711423063727, 116.44601156638078 39.89662127804963)))",5860,双花园南里二区,108720,116.4451507,39.89663101,116.4513389,39.89799436,110105000,朝阳区,双井,北京市光环物业管理中心,12962,35,2,130,0,130,2,206,2002,1.6,6,2,北京金隅嘉业房地产开发公司,70638,0,1,0,1,1,0,0,4388,109517219,0,0.048428966,0.015692913,0.324039809,62.79434851,104,5859,,90600,富力西社区,双井街道,朝阳区,双井,5101.484809,0.580827237
5862,"MULTIPOLYGON (((116.4495483274934 39.89763286156739, 116.44964260612142 39.89757207279297, 116.4496937658547 39.8974661911119, 116.44963775337965 39.896290119793264, 116.44959865355509 39.896194038024476, 116.44951843222998 39.89612186293368, 116.44939307662924 39.896089587164795, 116.44723398695896 39.89612788929071, 116.44714272915371 39.89616469224683, 116.4471046140867 39.896239607571886, 116.44711045068686 39.89766555642035, 116.4495483274934 39.89763286156739)))",5862,富力十号,101744,116.4483822,39.89688296,116.4545624,39.89824016,110105000,朝阳区,双井,北京恒富物业管理有限公司,100000,30,2.25,0,212,212,10,267,2012,13,22,3,北京富力城房地产开发有限公司,137168,1,0,0,1,1,0,0,9577,163451855,0,0.03714362,0.03714362,1,374.5318352,246,5861,,90600,富力西社区,双井街道,朝阳区,双井,5101.484809,0.580827237
5866,"MULTIPOLYGON (((116.43974744928539 39.899547621625516, 116.44160342875534 39.899740358031124, 116.44171764265514 39.89825557463513, 116.44196748601075 39.89648525559011, 116.44205711244581 39.895897925448935, 116.4407662552585 39.89578490045284, 116.44066512829306 39.897581393366636, 116.44052830903433 39.898580767688316, 116.44034390035074 39.8987294840785, 116.43980257323028 39.8987294840785, 116.43979786438001 39.89890199473132, 116.43974744928539 39.899547621625516)))",5866,双花园西里,106129,116.4410867,39.89789731,116.4472845,39.89926791,110105000,朝阳区,双井,北京金海燕物业管理有限公司光环物业管理分公司,-1,20,2.5,-1,-1,-1,14,1357,1997,0.6,28,8,北京金隅嘉业房地产开发公司,66906,0,0,0,1,0,0,0,4386,109517231,0,0.049084587,0.049084587,1,-1,100,5865,,90600,富力西社区,双井街道,朝阳区,双井,5101.484809,0.580827237
5859,"MULTIPOLYGON (((116.44382966270882 39.897180760683625, 116.44401817769676 39.89702914847646, 116.44400224260949 39.896182154382984, 116.44378770304013 39.89598972914274, 116.4421554973784 39.89586848794039, 116.44200096866984 39.896941137223735, 116.44199192149006 39.89712911081983, 116.44308071450348 39.89713925966913, 116.44308171365026 39.89716826010715, 116.44343763653774 39.89718497130946, 116.44382966270882 39.897180760683625)))",5859,CBD总部公寓一期,106127,116.443015,39.89655594,116.4492083,39.89792315,110105000,朝阳区,双井,北京华润置地物业管理有限公司,-1,30,4.4,150,350,500,5,492,2004,2.6,13,5,北京金隅嘉业房地产开发有限公司,93755,0,0,0,1,0,0,0,12519,109505299,0,0.022227762,0.022227762,1,-1,112,5858,,644,光环社区,双井街道,朝阳区,"CBD,双井",4972.451476,0.648177794
5860,"MULTIPOLYGON (((116.44601156638078 39.89662127804963, 116.4460016009931 39.896133278927714, 116.44428198212779 39.896169723953676, 116.44428286616142 39.89710768267349, 116.44599947139852 39.89711423063727, 116.44601156638078 39.89662127804963)))",5860,双花园南里二区,108720,116.4451507,39.89663101,116.4513389,39.89799436,110105000,朝阳区,双井,北京市光环物业管理中心,12962,35,2,130,0,130,2,206,2002,1.6,6,2,北京金隅嘉业房地产开发公司,70638,0,1,0,1,1,0,0,4388,109517219,0,0.048428966,0.015692913,0.324039809,62.79434851,104,5859,,644,光环社区,双井街道,朝阳区,"CBD,双井",4972.451476,0.648177794
5862,"MULTIPOLYGON (((116.4495483274934 39.89763286156739, 116.44964260612142 39.89757207279297, 116.4496937658547 39.8974661911119, 116.44963775337965 39.896290119793264, 116.44959865355509 39.896194038024476, 116.44951843222998 39.89612186293368, 116.44939307662924 39.896089587164795, 116.44723398695896 39.89612788929071, 116.44714272915371 39.89616469224683, 116.4471046140867 39.896239607571886, 116.44711045068686 39.89766555642035, 116.4495483274934 39.89763286156739)))",5862,富力十号,101744,116.4483822,39.89688296,116.4545624,39.89824016,110105000,朝阳区,双井,北京恒富物业管理有限公司,100000,30,2.25,0,212,212,10,267,2012,13,22,3,北京富力城房地产开发有限公司,137168,1,0,0,1,1,0,0,9577,163451855,0,0.03714362,0.03714362,1,374.5318352,246,5861,,644,光环社区,双井街道,朝阳区,"CBD,双井",4972.451476,0.648177794
5863,"MULTIPOLYGON (((116.44432650306578 39.897678716199835, 116.44604447437302 39.89765016272486, 116.44605399189822 39.89720758296363, 116.44430746801527 39.89722661891341, 116.44432650306578 39.897678716199835)))",5863,CBD总部公寓三期,106128,116.4451799,39.8974402,116.4513682,39.89880354,110105000,朝阳区,双井,北京金海燕物业管理有限公司光环物业管理分公司,-1,-1,3,20,300,320,1,136,2008,3.6,-1,-1,北京金隅嘉业房地产开发公司,36571,0,0,0,0,1,0,0,12520,109505295,0,0.007353805,0.007353805,1,-1,-1,5862,,644,光环社区,双井街道,朝阳区,"CBD,双井",4972.451476,0.648177794
5864,"MULTIPOLYGON (((116.4438888012272 39.8973168739746, 116.44197184862195 39.897301063893046, 116.44193367330047 39.8979219612296, 116.44387067808941 39.89791780995904, 116.4438888012272 39.8973168739746)))",5864,双花园南里一区,108722,116.442911,39.89761492,116.4491046,39.89898235,110105000,朝阳区,双井,北京市光环物业管理中心,14979,25,3,90,0,90,4,310,2000,1.1,7,1,北京金隅嘉业房地产开发公司,60718,0,0,0,1,1,0,0,4387,109517223,0,0.0372922,0.011171746,0.299573272,48.30917874,81,5863,,644,光环社区,双井街道,朝阳区,"CBD,双井",4972.451476,0.648177794
5866,"MULTIPOLYGON (((116.43974744928539 39.899547621625516, 116.44160342875534 39.899740358031124, 116.44171764265514 39.89825557463513, 116.44196748601075 39.89648525559011, 116.44205711244581 39.895897925448935, 116.4407662552585 39.89578490045284, 116.44066512829306 39.897581393366636, 116.44052830903433 39.898580767688316, 116.44034390035074 39.8987294840785, 116.43980257323028 39.8987294840785, 116.43979786438001 39.89890199473132, 116.43974744928539 39.899547621625516)))",5866,双花园西里,106129,116.4410867,39.89789731,116.4472845,39.89926791,110105000,朝阳区,双井,北京金海燕物业管理有限公司光环物业管理分公司,-1,20,2.5,-1,-1,-1,14,1357,1997,0.6,28,8,北京金隅嘉业房地产开发公司,66906,0,0,0,1,0,0,0,4386,109517231,0,0.049084587,0.049084587,1,-1,100,5865,,644,光环社区,双井街道,朝阳区,"CBD,双井",4972.451476,0.648177794
5879,"MULTIPOLYGON (((116.45204861545132 39.897728498171716, 116.45196738148957 39.8976723139262, 116.45148896644275 39.89767322044281, 116.45060236890424 39.897678213478805, 116.44989130733802 39.89768362110226, 116.44986522430077 39.89774956029401, 116.4499182177516 39.89901462132775, 116.45203741979118 39.8990214148065, 116.45209560053162 39.89895855129617, 116.45204861545132 39.897728498171716)))",5879,合生国际花园,108725,116.4509827,39.89834745,116.4571563,39.89969949,110105000,朝阳区,双井,广东康景物业服务有限公司北京通州分公司,108609,38,3.4,516,244,760,12,1070,2008,2.99,23,9,北京合生绿洲房地产开发有限公司,89958,0,0,0,1,1,0,0,8833,109501075,0,0.051051241,0.027723195,0.543046447,101.4713343,122,5878,,644,光环社区,双井街道,朝阳区,"CBD,双井",4972.451476,0.648177794
5880,"MULTIPOLYGON (((116.4529551302751 39.89925452357744, 116.45295915653993 39.89914353824372, 116.45392206694989 39.89914579014618, 116.45392810499811 39.89898881078506, 116.45392111456785 39.89873980559758, 116.45391717373866 39.89817882199509, 116.45391221127954 39.89775782866093, 116.45387309976377 39.89770273889035, 116.45231741471696 39.897726116766925, 116.45223215179249 39.89780291707103, 116.45226210191458 39.898904936413714, 116.45227309073063 39.899253946212696, 116.4529551302751 39.89925452357744)))",5880,合生国际花园,108724,116.4530731,39.89845273,116.4592411,39.89980039,110105000,朝阳区,双井,广东康景物业服务有限公司北京通州分公司,91391,38,3.4,434,206,640,11,901,2008,2.99,19,7,北京合生绿洲房地产开发有限公司,89958,0,0,0,1,1,0,0,8833,109501075,0,0.051051241,0.023328046,0.456953553,101.4713343,122,5879,,644,光环社区,双井街道,朝阳区,"CBD,双井",4972.451476,0.648177794
5882,"MULTIPOLYGON (((116.45411049020697 39.899545641318355, 116.45500576260588 39.89955158943434, 116.45501765973722 39.89877529104689, 116.45408669504502 39.89880800838296, 116.45411049020697 39.899545641318355)))",5882,双花园南里,100085,116.454559,39.89916759,116.4607229,39.90051208,110105000,朝阳区,双井,北京市光环物业管理中心,9800,30,3,100,-1,100,5,410,1989,0.5,6,3,北京金隅嘉业房地产有限公司,62450,0,0,0,1,0,0,0,4389,109517215,0,0.0065591,0.0065591,1,23.90243902,110,5881,,644,光环社区,双井街道,朝阳区,"CBD,双井",4972.451476,0.648177794
5883,"MULTIPOLYGON (((116.45511649433081 39.900976540934664, 116.45509751593772 39.90034452348101, 116.45482066234376 39.90035286289435, 116.45484766628681 39.900979899003175, 116.45511649433081 39.900976540934664)))",5883,双花园,100805,116.4549707,39.90066188,116.4611336,39.90200554,110105000,朝阳区,双井,北京市光环物业管理中心,-1,-1,2.5,-1,-1,-1,2,68,1981,1.5,1,-1,北京金隅嘉业房地产开发公司,61925,0,0,0,1,0,0,0,4390,164695163,0,0.001630966,0.001630966,1,-1,-1,5882,,644,光环社区,双井街道,朝阳区,"CBD,双井",4972.451476,0.648177794
5887,"MULTIPOLYGON (((116.44974386618651 39.897817287338, 116.44973083590946 39.89776126047383, 116.44969674171136 39.89772718606082, 116.44962253145468 39.897706022315106, 116.44717060723781 39.89774668066485, 116.44719254260178 39.89873968328982, 116.44842698441789 39.89883534327652, 116.44893441159388 39.89891644953457, 116.44982194172928 39.899003407681164, 116.44974386618651 39.897817287338)))",5887,CBD总部公寓二期,101745,116.44854,39.89829921,116.45472,39.89965616,110105000,朝阳区,双井,北京金海燕物业管理有限公司光环物业管理分公司,100000,30,4.41,150,400,550,6,992,2005,3.4,26,6,北京金隅嘉业房地产开发公司,90680,0,0,0,1,1,0,0,12521,109505291,0,0.027946514,0.027946514,1,100.8064516,113,5886,,644,光环社区,双井街道,朝阳区,"CBD,双井",4972.451476,0.648177794
5888,"MULTIPOLYGON (((116.44590195880846 39.899072937865874, 116.44631709305942 39.89905281103847, 116.44697188854182 39.899084197377874, 116.44695897247868 39.89813721216268, 116.44692593228604 39.89773116016494, 116.44424468364527 39.89775857599756, 116.44421557438933 39.89801450506542, 116.44423661582721 39.89812154327468, 116.44452437819757 39.898126129817115, 116.44456734690561 39.89928116599304, 116.44500452174134 39.89921006739077, 116.44548582720927 39.89911706849796, 116.44590195880846 39.899072937865874)))",5888,双花园南里二区,108721,116.4456784,39.89841957,116.4518656,39.89978202,110105000,朝阳区,双井,北京市光环物业管理中心,27038,35,2,270,0,270,5,431,2002,1.6,11,3,北京金隅嘉业房地产开发公司,70638,0,1,0,1,1,0,0,4388,109517219,0,0.048428966,0.032736053,0.675960191,62.79434851,104,5887,,644,光环社区,双井街道,朝阳区,"CBD,双井",4972.451476,0.648177794
5889,"MULTIPOLYGON (((116.44386449704893 39.89921773950716, 116.44387667476884 39.89806781597696, 116.44181234756182 39.898068717996985, 116.44174199000086 39.899483517950046, 116.44249290502364 39.899468989402415, 116.44259918420506 39.899423201319735, 116.44267738655218 39.8994133564413, 116.44319773248945 39.89940539114593, 116.44324886884034 39.89937949426832, 116.44332909106481 39.89926565988236, 116.44336418620833 39.89923973152844, 116.44345642787187 39.899227917134745, 116.44386449704893 39.89921773950716)))",5889,双花园南里一区,108723,116.4427818,39.89873333,116.4489759,39.90010105,110105000,朝阳区,双井,北京市光环物业管理中心,35021,25,3,210,0,210,8,725,2000,1.1,15,1,北京金隅嘉业房地产开发公司,60718,0,0,0,1,1,0,0,4387,109517223,0,0.0372922,0.026120454,0.700426728,48.30917874,81,5888,,644,光环社区,双井街道,朝阳区,"CBD,双井",4972.451476,0.648177794
5653,"MULTIPOLYGON (((116.44389948157584 39.88421850288165, 116.4439035249278 39.883964523543966, 116.44390656463634 39.88370754226929, 116.4439175975192 39.88367656602077, 116.44393164043288 39.88363159632115, 116.44396173264795 39.88352566247937, 116.4430052362028 39.88353474113546, 116.44301117532552 39.88414472429963, 116.44357965387803 39.884139861665346, 116.44357763669859 39.88423185331743, 116.44389948157584 39.88421850288165)))",5653,劲松路,103935,116.4434742,39.88384943,116.4496648,39.88521524,110105000,朝阳区,劲松,北京国贸物业管理有限公司,-1,33,2.3,0,0,0,2,73,1979,0.8,-1,-1,-1,60658,0,0,0,1,0,0,0,7458,109509435,0,0.005507623,0.005507623,1,-1,-1,5649,,637,广和里社区,双井街道,朝阳区,劲松,4859.430144,0.274446675
5654,"MULTIPOLYGON (((116.44459039203298 39.88355394076183, 116.44438184104922 39.88353651549784, 116.44396774731376 39.88353667377851, 116.4439346477659 39.88363760199377, 116.4439165929764 39.883698562538655, 116.44391855889444 39.88400555151503, 116.4439075008305 39.884235518954085, 116.44390142051418 39.884749481503434, 116.44445688497728 39.884764609898866, 116.44459039203298 39.88355394076183)))",5654,劲松嘉园,100751,116.4442205,39.88413218,116.4504094,39.88549666,110105000,朝阳区,劲松,北京瑞尔物业管理有限责任公司,23000,33,2.3,60,360,420,2,336,1999,1.9,3,-1,北京城市开发集团有限责任公司,57428,0,0,0,1,1,0,0,7461,109509423,0,0.007056635,0.007056635,1,68.45238095,-1,5650,,637,广和里社区,双井街道,朝阳区,劲松,4859.430144,0.274446675
5655,"MULTIPOLYGON (((116.44387033724638 39.88476241825106, 116.44387240748563 39.884247446662414, 116.44355357084066 39.8842578041544, 116.44355659076416 39.8841648142548, 116.442923946483 39.8841695491854, 116.44291799027314 39.883701559979045, 116.44198359826453 39.88368271918222, 116.44201157707266 39.88441273935649, 116.44305425465018 39.88439679797392, 116.44305420788544 39.88476377982465, 116.44387033724638 39.88476241825106)))",5655,广和南里二条,103936,116.4428671,39.88422676,116.4490592,39.88559365,110105000,朝阳区,劲松,国贸物业管理公司,-1,30,1.5,50,0,50,4,544,1991,1.53,4,1,北京金隅嘉业房地产开发公司,62713,0,0,0,1,0,0,0,9190,109498363,0,0.010909764,0.010909764,1,-1,85,5651,,637,广和里社区,双井街道,朝阳区,劲松,4859.430144,0.274446675
5657,"MULTIPOLYGON (((116.44048451744663 39.88624870981016, 116.44154536402743 39.886318581737214, 116.44154616622268 39.88625474605976, 116.44162643161462 39.8857559253957, 116.4416204619148 39.885399930562414, 116.44160345933221 39.88507591292307, 116.44158445395942 39.88474489136371, 116.44155041102272 39.884398842132896, 116.44151135976153 39.884031783839816, 116.44143021303398 39.883571649312216, 116.44064725696535 39.88358014700623, 116.43996858897924 39.883550864181075, 116.43980405801096 39.88457150656984, 116.43927669736172 39.88521149381546, 116.43924561409392 39.885278433053315, 116.43966061614458 39.88530020384138, 116.43980594838592 39.8854744672729, 116.44048761920828 39.885496751573896, 116.44048556695543 39.885870730150145, 116.44048451744663 39.88624870981016)))",5657,广和南里,100756,116.4407139,39.88485445,116.4469109,39.88622506,110105000,朝阳区,劲松,-1,11000,30,0.92,250,0,250,1,1600,1985,-1,-1,-1,-1,-1,0,0,0,1,0,0,0,9191,109498359,0,0.04154518,0.04154518,1,-1,-1,5655,,637,广和里社区,双井街道,朝阳区,劲松,4859.430144,0.274446675
5678,"MULTIPOLYGON (((116.44429430463856 39.88594822203288, 116.44449587598399 39.885651647205805, 116.444512017016 39.88487571754041, 116.4420516193868 39.884881795158776, 116.4416475935617 39.884895007098976, 116.44170664754381 39.88565108602887, 116.44163138328179 39.88624091178872, 116.44357337121414 39.88624874848102, 116.44381199103066 39.886288227819534, 116.44429430463856 39.88594822203288)))",5678,和平村E区,100726,116.443041,39.88554263,116.4492328,39.88690927,110105000,朝阳区,劲松,-1,11000,30,0.92,-1,-1,-1,4,888,-1,-1,-1,-1,-1,-1,0,0,0,1,0,0,0,8812,143613510,0,0.035239916,0.035239916,1,-1,-1,5676,,637,广和里社区,双井街道,朝阳区,劲松,4859.430144,0.274446675
5680,"MULTIPOLYGON (((116.43989602807926 39.88658758335032, 116.43995822519196 39.88622671688955, 116.44047048622406 39.886215684906006, 116.4404805721208 39.88573772671475, 116.44047458623322 39.88550272666953, 116.43979191356607 39.885482440662145, 116.43963956391485 39.88530816374083, 116.43923959852873 39.88528242154655, 116.43895862334182 39.88765379078984, 116.43982170001152 39.88774738953043, 116.43989602807926 39.88658758335032)))",5680,劲松九区,103945,116.4396128,39.88644173,116.4458123,39.88781425,110105000,朝阳区,劲松,中国社会科学院服务局物业管理处,-1,30,2,1000,0,1000,6,1000,1988,1.78,17,4,北京城建集团有限责任公司,59886,0,0,0,1,0,0,0,7460,109509415,0,0.021675853,0.021675853,1,-1,101,5678,,637,广和里社区,双井街道,朝阳区,劲松,4859.430144,0.274446675
5682,"MULTIPOLYGON (((116.44154536402743 39.886318581737214, 116.44048451744663 39.88624870981016, 116.43996824723683 39.88625073508342, 116.43990705466695 39.88658660398863, 116.4398719091613 39.88706151527674, 116.4398317247543 39.887746408370106, 116.43988083852992 39.88779149767953, 116.43986174952022 39.888126446578326, 116.44091634941003 39.88814044362664, 116.4409224072433 39.887804471299376, 116.44153093080786 39.887814642631724, 116.44153502632048 39.88714168174329, 116.44154536402743 39.886318581737214)))",5682,和平村A区,103946,116.4406669,39.88715711,116.4468643,39.88852792,110105000,朝阳区,劲松,-1,-1,-1,-1,-1,-1,-1,4,592,-1,-1,-1,-1,-1,-1,0,0,0,1,0,0,0,8813,111622940,0,0.027381519,0.027381519,1,-1,-1,5680,,637,广和里社区,双井街道,朝阳区,劲松,4859.430144,0.274446675
5684,"MULTIPOLYGON (((116.4411053284482 39.88854888062639, 116.44156932286603 39.888542931611084, 116.44156932286603 39.88791237465642, 116.44109343131686 39.88793022080313, 116.4411053284482 39.88854888062639)))",5684,广和里七巷,103950,116.4413351,39.88823225,116.4475311,39.88960199,110105000,朝阳区,劲松,街道办事处（委员会）代管物业,-1,30,1.2,20,0,20,4,282,1986,0.6,2,1,北京城建集团有限责任公司,63685,0,0,0,1,0,0,0,9193,109498339,0,0.002786236,0.002786236,1,-1,87,5682,,637,广和里社区,双井街道,朝阳区,劲松,4859.430144,0.274446675
5686,"MULTIPOLYGON (((116.44088755401742 39.88945773728477, 116.44083906617004 39.88940001339995, 116.44085334290753 39.88912875538779, 116.44009667492162 39.88912161656941, 116.44013950513408 39.88857196172671, 116.43948277341133 39.8885576840899, 116.43948277341133 39.88812224314705, 116.43976830906024 39.88812224314705, 116.439876850936 39.88786146133742, 116.43897594878104 39.88777246262907, 116.43893311856868 39.88953564285566, 116.43906874712502 39.88971410252384, 116.43955415799803 39.88978548621128, 116.43974727032037 39.889789427040455, 116.44003338063612 39.88964224309507, 116.4404521661346 39.88964224309507, 116.44076077478996 39.889655167252215, 116.44088755401742 39.88945773728477)))",5686,广和里,103960,116.4396416,39.8889657,116.4458414,39.89033827,110105000,朝阳区,广渠门,街道办事处（委员会）代管物业,-1,30,2,50,0,50,6,492,1997,0.893333333,4,1,中远房地产开发有限公司,60024,0,0,0,1,0,0,0,9195,109498327,0,0.02119386,0.02119386,1,-1,121,5684,,637,广和里社区,双井街道,朝阳区,劲松,4859.430144,0.274446675
5687,"MULTIPOLYGON (((116.44424020951818 39.889221839716186, 116.44213568261569 39.88921687545849, 116.44212935408642 39.88922448642097, 116.4420683908436 39.889402746439664, 116.44218680098015 39.88955345752611, 116.44241127536009 39.88985088311181, 116.44245789981233 39.89004726626837, 116.44245491766037 39.890626690469446, 116.44400598109121 39.89061201892957, 116.44424228875074 39.88968200841799, 116.44424020951818 39.889221839716186)))",5687,广渠家园,108506,116.4432442,39.88987377,116.4494361,39.89124025,110101000,东城区,广渠门,北京冠城物业管理有限公司,39190,25,4.7,148,1111,1260,5,1683,2009,3.85,13,14,-1,88166,0,0,0,1,1,0,0,9184,109498727,0,0.032713449,0.024238081,0.740920991,23.28036972,102,5685,,637,广和里社区,双井街道,朝阳区,劲松,4859.430144,0.274446675
5807,"MULTIPOLYGON (((116.44219527169446 39.89053980966452, 116.44218427928115 39.89025780115668, 116.44167899698823 39.89024981607622, 116.44166902620464 39.88982081607787, 116.44207004469683 39.88980959883395, 116.4417863598527 39.889528057973564, 116.44121091335307 39.88950594544309, 116.44093722717139 39.88952141917821, 116.44074773731825 39.88966504990219, 116.44050212347429 39.88971058077874, 116.44031064881744 39.88972821648406, 116.44002995511835 39.88975668632207, 116.43977432102815 39.88982820310912, 116.43978730004392 39.890245207950045, 116.43977021202568 39.89061215922385, 116.44207996691705 39.890626579852835, 116.44219527169446 39.89053980966452)))",5807,冠城名敦道,100768,116.4409236,39.89013408,116.4471207,39.89150458,110101000,东城区,广渠门,北京冠城酒店物业管理有限公司,331276,35,3.5,100,1000,1100,12,1880,2009,3.766666667,33,32,北京鑫阳房地产开发有限公司,71893,0,1,0,1,1,0,0,9275,109498083,0,0.020134395,0.020134395,1,176.2106383,107,5806,,637,广和里社区,双井街道,朝阳区,劲松,4859.430144,0.274446675
5834,"MULTIPOLYGON (((116.47601738169692 39.89469013594106, 116.47600749365097 39.89349816191071, 116.47167083324246 39.8935019390633, 116.47170573053506 39.895323952938156, 116.47196462646639 39.89555266402425, 116.47236906867761 39.89559279087467, 116.47331245570535 39.895603434351074, 116.4733244814397 39.89574846172218, 116.47448768345987 39.8957537416419, 116.47604434606978 39.89576316383898, 116.47601738169692 39.89469013594106)))",5834,首府官邸,101730,116.4739049,39.89459456,116.4800066,39.89589101,110105000,朝阳区,大望路,北京高地物业管理有限公司,165124,31,1.8,100,623,723,24,594,2008,5.5,12,3,北京柏宏房地产开发有限公司,76465,1,0,0,1,1,0,0,4493,109516819,0,0.089755022,0.089755022,1,277.986532,147,5833,,641,大望社区,双井街道,朝阳区,大望路,7198.526203,0.352545471
5867,"MULTIPOLYGON (((116.47653993367112 39.897562498610455, 116.47650398237295 39.89611646070614, 116.47628520609749 39.89592684404869, 116.4728808710554 39.895867210903134, 116.47226766651966 39.89590249310561, 116.47172171688374 39.89588897179868, 116.47170862994938 39.8962139211356, 116.4717446001332 39.89748096427513, 116.47194931101194 39.897644526673616, 116.47637832370071 39.89771502902545, 116.47653993367112 39.897562498610455)))",5867,金港国际,101748,116.4741263,39.89678733,116.4802275,39.89808327,110105000,朝阳区,大望路,北京天道酬勤物业管理有限公司,280000,32,2.92,285,1270,1555,13,2426,2005,2.6,65,31,北京中加兴业房地产开发有限公司,74139,0,0,0,1,1,0,0,7694,109508479,0,0.080629954,0.080629954,1,115.4163232,108,5866,,641,大望社区,双井街道,朝阳区,大望路,7198.526203,0.352545471
5874,"MULTIPOLYGON (((116.47485459876077 39.899089631081665, 116.47651966834803 39.89910137173098, 116.47654089594562 39.89789648613396, 116.47559343858643 39.89787178355601, 116.4747694437549 39.897854444626944, 116.47464296040437 39.89804707761061, 116.47465687831232 39.89911106912058, 116.47485459876077 39.899089631081665)))",5874,易构空间,101750,116.4755895,39.89848548,116.4816858,39.89977753,110105000,朝阳区,大望路,北京澳西物业管理有限公司百子湾分公司,115000,25,4.8,100,527,627,7,1318,2004,2.4,67,17,北京国锐房地产开发有限公司,67503,0,0,0,1,1,0,0,1529,109526667,0,0.02171991,0.02171991,1,87.25341426,102,5873,,641,大望社区,双井街道,朝阳区,大望路,7198.526203,0.352545471
5685,"MULTIPOLYGON (((116.44808126703686 39.88886004785297, 116.4479619332966 39.888851790277954, 116.44769720076522 39.888791220938174, 116.44770422806778 39.888725239478276, 116.4477092705664 39.88850226067086, 116.44770228283414 39.88825225723593, 116.44769930427958 39.88801326240218, 116.44769530859173 39.887892259520186, 116.44772742428131 39.88768433806183, 116.4477073846881 39.8875543014899, 116.44704655025816 39.887539885357455, 116.44699233822587 39.88803074702139, 116.44694418222832 39.888212635804564, 116.44665238010327 39.88820601589498, 116.44630743344135 39.8882112868215, 116.44633242380235 39.88882831077797, 116.44643263076136 39.889363497327565, 116.44724687244525 39.889386226792965, 116.44809323251673 39.88940204856573, 116.44808126703686 39.88886004785297)))",5685,广和东里,103959,116.4471784,39.8886325,116.4533607,39.88999167,110105000,朝阳区,劲松,街道办事处（委员会）代管物业,-1,30,1.2,50,0,50,11,660,1987,0.7,7,5,北京城市建设开发集团有限责任公司,55409,0,0,0,1,0,0,0,9196,109498255,0,0.0215181,0.0215181,1,-1,85,5683,,642,广泉社区,双井街道,朝阳区,劲松,5047.045767,0.094369553
5808,"MULTIPOLYGON (((116.44660377624336 39.891934739996316, 116.44818316921794 39.89191612672789, 116.44948988055364 39.891911992544465, 116.44961123327187 39.89187826257182, 116.44952016342484 39.89035413113828, 116.44818938533194 39.8903332138068, 116.44751048981732 39.89029574894971, 116.4475426927412 39.8893988604691, 116.44640655851595 39.889370441892424, 116.44596937019037 39.889339523200476, 116.44595126773686 39.88975546594207, 116.44561836209778 39.889782769359385, 116.44552908190167 39.890092569616456, 116.44569551043946 39.890259908268206, 116.44567839364299 39.890822846097535, 116.44552597924064 39.89083852847534, 116.44468973924018 39.89082480122363, 116.44455236779754 39.89086951821372, 116.44432875047153 39.89106105222584, 116.44436774867268 39.89189509338388, 116.44443792816787 39.891947234277495, 116.44660377624336 39.891934739996316)))",5808,广泉小区,100770,116.4470302,39.89094366,116.453213,39.89230319,110105000,朝阳区,劲松,北京网信物业管理有限公司,856000,30,2,200,300,500,15,2518,2006,1.6,1,3,-1,72711,0,0,0,1,0,0,0,9176,109498755,0,0.088523108,0.088523108,1,339.9523431,92,5807,,642,广泉社区,双井街道,朝阳区,劲松,5047.045767,0.094369553
5809,"MULTIPOLYGON (((116.44295609634685 39.89156126593974, 116.44296514532527 39.89135629335829, 116.44330402426134 39.891358968841416, 116.44329601399987 39.89127695696606, 116.44402692720097 39.89127542901786, 116.44404703784062 39.89081749153405, 116.44257220184568 39.890810539774634, 116.44247795469393 39.890851351908395, 116.44245480524512 39.89156427327265, 116.44295609634685 39.89156126593974)))",5809,广渠家园,108505,116.4431628,39.89111402,116.449355,39.89248072,110101000,东城区,广渠门,北京冠城物业管理有限公司,13703,25,4.7,52,389,440,2,589,2009,3.85,5,5,-1,88166,0,0,0,1,1,0,0,9184,109498727,0,0.032713449,0.008475368,0.259079009,23.28036972,102,5808,,642,广泉社区,双井街道,朝阳区,劲松,5047.045767,0.094369553
5826,"MULTIPOLYGON (((116.46623249343486 39.895756989993174, 116.46644223691976 39.89558555942608, 116.46649052241969 39.894630732122664, 116.46393388564036 39.89401098232105, 116.46377836318095 39.894001574513084, 116.46323955236346 39.894000167973445, 116.46315928067634 39.89402495778563, 116.46310007470879 39.89408680056545, 116.46302979988536 39.894399603658826, 116.46303464183529 39.89579055269189, 116.46623249343486 39.895756989993174)))",5826,乐成国际,101731,116.4646106,39.89498956,116.4707435,39.89631029,110105000,朝阳区,双井,深圳市金地物业管理有限公司北京分公司,157500,31,2.54,400,1200,1600,8,972,2006,3.2,16,10,北京达义北方置业有限公司,92992,0,0,0,1,1,0,0,6925,109510971,1,0.049707122,0.049707122,1,162.037037,124,5824,,640,九龙社区,双井街道,朝阳区,"CBD,双井",6187.598181,0.967865433
5827,"MULTIPOLYGON (((116.46984106091634 39.89575977609286, 116.46986012924162 39.89574782949876, 116.46981110719685 39.89453874946378, 116.46673436819663 39.894588387544104, 116.46679043013432 39.89563749077763, 116.46690982772645 39.89575780657759, 116.46984106091634 39.89575977609286)))",5827,乐成公馆,101733,116.4683144,39.89515953,116.4744353,39.89647085,110105000,朝阳区,大望路,北京金地物业管理有限责任公司,186800,31,2.96,0,726,726,6,503,2007,4.5,26,4,北京达义北方置业有限公司,103986,0,0,0,1,1,0,0,6926,109510967,1,0.034766822,0.034766822,1,371.3717694,153,5825,,640,九龙社区,双井街道,朝阳区,"CBD,双井",6187.598181,0.967865433
5835,"MULTIPOLYGON (((116.47118783525048 39.89572249649609, 116.47114482787163 39.89456142946642, 116.47115085512792 39.89451344883662, 116.47091401327111 39.894511792285414, 116.46985526390938 39.894532870595526, 116.4699173315197 39.89574798688017, 116.47118783525048 39.89572249649609)))",5835,乐成豪丽,101732,116.4705256,39.89512651,116.476639,39.89643207,110105000,朝阳区,大望路,北京金地物业管理有限责任公司,62962,30,1,150,350,500,3,484,2008,5.5,31,10,北京达义北方置业有限公司,74702,0,0,0,1,1,0,0,6924,109510987,0,0.014756282,0.014756282,1,130.0867769,134,5834,,640,九龙社区,双井街道,朝阳区,"CBD,双井",6187.598181,0.967865433
5843,"MULTIPOLYGON (((116.4664882462356 39.896772628554004, 116.46647228686663 39.89600962034774, 116.46641710626454 39.895934476594846, 116.46632479265509 39.89590623068807, 116.46382427716867 39.89592260824185, 116.46257709555653 39.895935358829774, 116.46132394244603 39.895940133330555, 116.46126374002961 39.89597397751709, 116.4612466753938 39.89603993109802, 116.4612354428615 39.89759883212048, 116.46648111191382 39.89764957007168, 116.4664882462356 39.896772628554004)))",5843,苹果社区南区,101747,116.4638838,39.89677522,116.4700192,39.89809779,110105000,朝阳区,双井,北京今日今典物业管理有限责任公司,360000,47,4.37,0,2152,2152,12,3063,2005,2.65,99,32,北京今典鸿运房地产开发有限公司,82000,0,0,0,1,1,0,0,5657,109514859,0,0.08449889,0.08449889,1,117.5318315,116,5842,,640,九龙社区,双井街道,朝阳区,"CBD,双井",6187.598181,0.967865433
5881,"MULTIPOLYGON (((116.46193856071602 39.899227562801855, 116.4628757037508 39.89903499367006, 116.46322286904024 39.89900689795002, 116.46336534683337 39.89900826941613, 116.46425032199488 39.899058584685974, 116.46524770251949 39.89911521679386, 116.46551962333206 39.89917093608989, 116.46576645935465 39.89923659019655, 116.46598620869668 39.89926617429455, 116.46633641099663 39.89927711005066, 116.46645081015686 39.89923241824158, 116.46649095769158 39.89915252966557, 116.46651003770819 39.89903958560842, 116.46651007727826 39.898722599768234, 116.46649012491935 39.89779558759636, 116.46565024446329 39.8977813459324, 116.46490671017659 39.89776337388065, 116.46356919076561 39.897737858315566, 116.46216148916142 39.89772220471605, 116.46143407971908 39.897741334195246, 116.46131668851444 39.89777503179232, 116.46121734850192 39.89787777304082, 116.46120519956037 39.8987487034899, 116.46126734990833 39.8991798429754, 116.46133856991912 39.89929702014143, 116.46139374782331 39.89932716002045, 116.46193856071602 39.899227562801855)))",5881,苹果社区北区,101751,116.4638447,39.89844755,116.4699805,39.89977033,110105000,朝阳区,双井,北京今日今典物业管理有限责任公司,300000,30,3.5,0,1500,1500,8,2029,2008,4.7125,107,45,北京今典鸿运房地产开发有限公司,64233,0,1,0,1,1,0,0,5658,198325079,1,0.069323985,0.069323985,1,147.8560867,125,5880,,640,九龙社区,双井街道,朝阳区,"CBD,双井",6187.598181,0.967865433
5802,"MULTIPOLYGON (((116.4506202807014 39.89085256509384, 116.45061832917258 39.890416580061185, 116.45125318488658 39.89042901498709, 116.4519703069841 39.89038365408243, 116.45232837745277 39.890337479291304, 116.45375265536086 39.890369791033095, 116.45450494904424 39.89036856615644, 116.45483094878932 39.89036634033437, 116.45486505827591 39.89032942316442, 116.45484010298844 39.889363409194004, 116.45484427134613 39.888125477109156, 116.45368172133442 39.88814072871173, 116.45304178714878 39.88815423293158, 116.45304075472711 39.8883872193947, 116.45302968047542 39.88871317867029, 116.45292134364513 39.88880792224785, 116.45288923964677 39.888864844836746, 116.45217109591943 39.8888571862102, 116.45217619147809 39.888218227789025, 116.45066875415978 39.88821279678319, 116.45068271523519 39.88884279885616, 116.44965975529351 39.888838511787924, 116.4496555302785 39.89052842334809, 116.45029738271808 39.89052685493044, 116.45030937607692 39.89085986579022, 116.4506202807014 39.89085256509384)))",5802,垂杨柳北里,103961,116.4523286,39.88939918,116.4584974,39.89074798,110105000,朝阳区,劲松,-1,-1,30,1.2,-1,-1,-1,46,2539,1981,0.85,10,10,-1,59518,0,0,0,1,1,0,0,11066,109506647,0,0.098930966,0.098930966,1,-1,95,5801,,639,广外南社区,双井街道,朝阳区,劲松,5464.015862,0.108659616
5805,"MULTIPOLYGON (((116.45318485489724 39.89104343090963, 116.45318686488201 39.89101043748178, 116.45372348764886 39.891000693327385, 116.4537254895398 39.89103969602519, 116.45416281726023 39.89105072531078, 116.45419097953015 39.89044281958053, 116.4528007769344 39.890433566455954, 116.45279574432823 39.89057154853816, 116.45196627262544 39.89056263625673, 116.45195818861953 39.891038595255, 116.45219789931366 39.89104814605514, 116.45318485489724 39.89104343090963)))",5805,广渠门外大街6号院,103962,116.4531222,39.89075737,116.4592891,39.89210457,110105000,朝阳区,劲松,-1,-1,-1,1.5,10,-1,10,5,728,1998,2.24,14,2,-1,61214,0,0,0,1,0,0,0,9179,109498743,0,0.011534805,0.011534805,1,-1,100,5804,,639,广外南社区,双井街道,朝阳区,劲松,5464.015862,0.108659616
5808,"MULTIPOLYGON (((116.44660377624336 39.891934739996316, 116.44818316921794 39.89191612672789, 116.44948988055364 39.891911992544465, 116.44961123327187 39.89187826257182, 116.44952016342484 39.89035413113828, 116.44818938533194 39.8903332138068, 116.44751048981732 39.89029574894971, 116.4475426927412 39.8893988604691, 116.44640655851595 39.889370441892424, 116.44596937019037 39.889339523200476, 116.44595126773686 39.88975546594207, 116.44561836209778 39.889782769359385, 116.44552908190167 39.890092569616456, 116.44569551043946 39.890259908268206, 116.44567839364299 39.890822846097535, 116.44552597924064 39.89083852847534, 116.44468973924018 39.89082480122363, 116.44455236779754 39.89086951821372, 116.44432875047153 39.89106105222584, 116.44436774867268 39.89189509338388, 116.44443792816787 39.891947234277495, 116.44660377624336 39.891934739996316)))",5808,广泉小区,100770,116.4470302,39.89094366,116.453213,39.89230319,110105000,朝阳区,劲松,北京网信物业管理有限公司,856000,30,2,200,300,500,15,2518,2006,1.6,1,3,-1,72711,0,0,0,1,0,0,0,9176,109498755,0,0.088523108,0.088523108,1,339.9523431,92,5807,,639,广外南社区,双井街道,朝阳区,劲松,5464.015862,0.108659616
5810,"MULTIPOLYGON (((116.45028215899447 39.89195775454681, 116.45028418696575 39.89177776693043, 116.45027516766493 39.89172874938231, 116.4502732044449 39.89138976072894, 116.44998035820697 39.8913811065529, 116.44965943333625 39.89138839196079, 116.44972655333788 39.89196451475061, 116.45028215899447 39.89195775454681)))",5810,垂杨柳中街2号院,103963,116.4499841,39.89166867,116.4561596,39.89302245,110105000,朝阳区,劲松,-1,-1,-1,-1,-1,-1,-1,1,1,1975,-1,-1,-1,-1,-1,0,0,0,1,0,0,0,11062,164717087,0,0.003197307,0.003197307,1,-1,-1,5809,,639,广外南社区,双井街道,朝阳区,劲松,5464.015862,0.108659616
5822,"MULTIPOLYGON (((116.46951006094059 39.89443192799115, 116.46963150538977 39.894292267774006, 116.46959549563564 39.89335821121256, 116.46666829050923 39.893389265702126, 116.46668522564266 39.89437526530628, 116.46685379366772 39.894480713514156, 116.46951006094059 39.89443192799115)))",5822,石韵浩庭,101724,116.4681418,39.89391319,116.474263,39.89522491,110105000,朝阳区,大望路,金地物业公司,88000,32,2.2,68,500,568,6,893,2004,2.5,22,14,北京浩隆房地产开发有限责任公司,85565,0,1,0,1,1,0,0,4622,109518579,0,0.030039668,0.030039668,1,98.54423292,117,5820,,645,九龙南社区,双井街道,朝阳区,"大望路,双井",6343.206583,0.57566336
5826,"MULTIPOLYGON (((116.46623249343486 39.895756989993174, 116.46644223691976 39.89558555942608, 116.46649052241969 39.894630732122664, 116.46393388564036 39.89401098232105, 116.46377836318095 39.894001574513084, 116.46323955236346 39.894000167973445, 116.46315928067634 39.89402495778563, 116.46310007470879 39.89408680056545, 116.46302979988536 39.894399603658826, 116.46303464183529 39.89579055269189, 116.46623249343486 39.895756989993174)))",5826,乐成国际,101731,116.4646106,39.89498956,116.4707435,39.89631029,110105000,朝阳区,双井,深圳市金地物业管理有限公司北京分公司,157500,31,2.54,400,1200,1600,8,972,2006,3.2,16,10,北京达义北方置业有限公司,92992,0,0,0,1,1,0,0,6925,109510971,1,0.049707122,0.049707122,1,162.037037,124,5824,,645,九龙南社区,双井街道,朝阳区,"大望路,双井",6343.206583,0.57566336
5827,"MULTIPOLYGON (((116.46984106091634 39.89575977609286, 116.46986012924162 39.89574782949876, 116.46981110719685 39.89453874946378, 116.46673436819663 39.894588387544104, 116.46679043013432 39.89563749077763, 116.46690982772645 39.89575780657759, 116.46984106091634 39.89575977609286)))",5827,乐成公馆,101733,116.4683144,39.89515953,116.4744353,39.89647085,110105000,朝阳区,大望路,北京金地物业管理有限责任公司,186800,31,2.96,0,726,726,6,503,2007,4.5,26,4,北京达义北方置业有限公司,103986,0,0,0,1,1,0,0,6926,109510967,1,0.034766822,0.034766822,1,371.3717694,153,5825,,645,九龙南社区,双井街道,朝阳区,"大望路,双井",6343.206583,0.57566336
5831,"MULTIPOLYGON (((116.47112979840153 39.89436939722992, 116.47111382734136 39.89368438362743, 116.47063914538035 39.89365707121692, 116.47063717856304 39.893332080511186, 116.46974602775708 39.89333962492378, 116.4697509119751 39.89440359035348, 116.47112979840153 39.89436939722992)))",5831,外企公寓,106116,116.4703747,39.89390668,116.4764884,39.89521259,110105000,朝阳区,大望路,北京外企双新物业管理有限公司,-1,32,3.5,0,463,463,2,294,2005,3,4,-1,北京市新地房地产开发有限责任公司,57999,0,1,0,1,1,0,0,4970,109521631,0,0.012155701,0.012155701,1,-1,-1,5829,,645,九龙南社区,双井街道,朝阳区,"大望路,双井",6343.206583,0.57566336
5835,"MULTIPOLYGON (((116.47118783525048 39.89572249649609, 116.47114482787163 39.89456142946642, 116.47115085512792 39.89451344883662, 116.47091401327111 39.894511792285414, 116.46985526390938 39.894532870595526, 116.4699173315197 39.89574798688017, 116.47118783525048 39.89572249649609)))",5835,乐成豪丽,101732,116.4705256,39.89512651,116.476639,39.89643207,110105000,朝阳区,大望路,北京金地物业管理有限责任公司,62962,30,1,150,350,500,3,484,2008,5.5,31,10,北京达义北方置业有限公司,74702,0,0,0,1,1,0,0,6924,109510987,0,0.014756282,0.014756282,1,130.0867769,134,5834,,645,九龙南社区,双井街道,朝阳区,"大望路,双井",6343.206583,0.57566336
5837,"MULTIPOLYGON (((116.46297042844253 39.895781385902296, 116.46296353693776 39.89472741643715, 116.46100905742207 39.894735383531156, 116.46117446792744 39.89580275739138, 116.46297042844253 39.895781385902296)))",5837,A派公寓,101734,116.4620266,39.89525434,116.4681678,39.89658144,110105000,朝阳区,双井,北京中原华夏物业管理有限公司,64600,32,2.7,0,290,290,7,507,2008,2.72,26,8,北京浩隆房地产开发有限责任公司,92593,0,0,0,1,1,0,0,12523,109502607,0,0.018885287,0.018885287,1,127.4161736,130,5836,,645,九龙南社区,双井街道,朝阳区,"大望路,双井",6343.206583,0.57566336
5657,"MULTIPOLYGON (((116.44048451744663 39.88624870981016, 116.44154536402743 39.886318581737214, 116.44154616622268 39.88625474605976, 116.44162643161462 39.8857559253957, 116.4416204619148 39.885399930562414, 116.44160345933221 39.88507591292307, 116.44158445395942 39.88474489136371, 116.44155041102272 39.884398842132896, 116.44151135976153 39.884031783839816, 116.44143021303398 39.883571649312216, 116.44064725696535 39.88358014700623, 116.43996858897924 39.883550864181075, 116.43980405801096 39.88457150656984, 116.43927669736172 39.88521149381546, 116.43924561409392 39.885278433053315, 116.43966061614458 39.88530020384138, 116.43980594838592 39.8854744672729, 116.44048761920828 39.885496751573896, 116.44048556695543 39.885870730150145, 116.44048451744663 39.88624870981016)))",5657,广和南里,100756,116.4407139,39.88485445,116.4469109,39.88622506,110105000,朝阳区,劲松,-1,11000,30,0.92,250,0,250,1,1600,1985,-1,-1,-1,-1,-1,0,0,0,1,0,0,0,9191,109498359,0,0.04154518,0.04154518,1,-1,-1,5655,,90200,和平村一社区,双井街道,朝阳区,劲松,4899.256317,0.101328841
5678,"MULTIPOLYGON (((116.44429430463856 39.88594822203288, 116.44449587598399 39.885651647205805, 116.444512017016 39.88487571754041, 116.4420516193868 39.884881795158776, 116.4416475935617 39.884895007098976, 116.44170664754381 39.88565108602887, 116.44163138328179 39.88624091178872, 116.44357337121414 39.88624874848102, 116.44381199103066 39.886288227819534, 116.44429430463856 39.88594822203288)))",5678,和平村E区,100726,116.443041,39.88554263,116.4492328,39.88690927,110105000,朝阳区,劲松,-1,11000,30,0.92,-1,-1,-1,4,888,-1,-1,-1,-1,-1,-1,0,0,0,1,0,0,0,8812,143613510,0,0.035239916,0.035239916,1,-1,-1,5676,,90200,和平村一社区,双井街道,朝阳区,劲松,4899.256317,0.101328841
5680,"MULTIPOLYGON (((116.43989602807926 39.88658758335032, 116.43995822519196 39.88622671688955, 116.44047048622406 39.886215684906006, 116.4404805721208 39.88573772671475, 116.44047458623322 39.88550272666953, 116.43979191356607 39.885482440662145, 116.43963956391485 39.88530816374083, 116.43923959852873 39.88528242154655, 116.43895862334182 39.88765379078984, 116.43982170001152 39.88774738953043, 116.43989602807926 39.88658758335032)))",5680,劲松九区,103945,116.4396128,39.88644173,116.4458123,39.88781425,110105000,朝阳区,劲松,中国社会科学院服务局物业管理处,-1,30,2,1000,0,1000,6,1000,1988,1.78,17,4,北京城建集团有限责任公司,59886,0,0,0,1,0,0,0,7460,109509415,0,0.021675853,0.021675853,1,-1,101,5678,,90200,和平村一社区,双井街道,朝阳区,劲松,4899.256317,0.101328841
5682,"MULTIPOLYGON (((116.44154536402743 39.886318581737214, 116.44048451744663 39.88624870981016, 116.43996824723683 39.88625073508342, 116.43990705466695 39.88658660398863, 116.4398719091613 39.88706151527674, 116.4398317247543 39.887746408370106, 116.43988083852992 39.88779149767953, 116.43986174952022 39.888126446578326, 116.44091634941003 39.88814044362664, 116.4409224072433 39.887804471299376, 116.44153093080786 39.887814642631724, 116.44153502632048 39.88714168174329, 116.44154536402743 39.886318581737214)))",5682,和平村A区,103946,116.4406669,39.88715711,116.4468643,39.88852792,110105000,朝阳区,劲松,-1,-1,-1,-1,-1,-1,-1,4,592,-1,-1,-1,-1,-1,-1,0,0,0,1,0,0,0,8813,111622940,0,0.027381519,0.027381519,1,-1,-1,5680,,90200,和平村一社区,双井街道,朝阳区,劲松,4899.256317,0.101328841
5684,"MULTIPOLYGON (((116.4411053284482 39.88854888062639, 116.44156932286603 39.888542931611084, 116.44156932286603 39.88791237465642, 116.44109343131686 39.88793022080313, 116.4411053284482 39.88854888062639)))",5684,广和里七巷,103950,116.4413351,39.88823225,116.4475311,39.88960199,110105000,朝阳区,劲松,街道办事处（委员会）代管物业,-1,30,1.2,20,0,20,4,282,1986,0.6,2,1,北京城建集团有限责任公司,63685,0,0,0,1,0,0,0,9193,109498339,0,0.002786236,0.002786236,1,-1,87,5682,,90200,和平村一社区,双井街道,朝阳区,劲松,4899.256317,0.101328841
5686,"MULTIPOLYGON (((116.44088755401742 39.88945773728477, 116.44083906617004 39.88940001339995, 116.44085334290753 39.88912875538779, 116.44009667492162 39.88912161656941, 116.44013950513408 39.88857196172671, 116.43948277341133 39.8885576840899, 116.43948277341133 39.88812224314705, 116.43976830906024 39.88812224314705, 116.439876850936 39.88786146133742, 116.43897594878104 39.88777246262907, 116.43893311856868 39.88953564285566, 116.43906874712502 39.88971410252384, 116.43955415799803 39.88978548621128, 116.43974727032037 39.889789427040455, 116.44003338063612 39.88964224309507, 116.4404521661346 39.88964224309507, 116.44076077478996 39.889655167252215, 116.44088755401742 39.88945773728477)))",5686,广和里,103960,116.4396416,39.8889657,116.4458414,39.89033827,110105000,朝阳区,广渠门,街道办事处（委员会）代管物业,-1,30,2,50,0,50,6,492,1997,0.893333333,4,1,中远房地产开发有限公司,60024,0,0,0,1,0,0,0,9195,109498327,0,0.02119386,0.02119386,1,-1,121,5684,,90200,和平村一社区,双井街道,朝阳区,劲松,4899.256317,0.101328841
5817,"MULTIPOLYGON (((116.45807273227081 39.893305072970804, 116.45810987157336 39.89314217157403, 116.4583015081082 39.89294165603263, 116.4594672606056 39.892912564763094, 116.4594773725828 39.89228261934744, 116.45716397363856 39.8923118823875, 116.45722008144162 39.89286399507739, 116.45720903327037 39.89296796300113, 116.45717189936374 39.893101865758524, 116.45717086334469 39.893364850907176, 116.45805165665865 39.89337101755848, 116.45807273227081 39.893305072970804)))",5817,双井东院,106119,116.4581859,39.89273149,116.4643385,39.89406754,110105000,朝阳区,双井,北京中地物业管理有限公司,-1,80,1.6,120,0,120,4,554,1989,0.975,15,3,北京城乡建设集团有限责任公司,66656,0,0,0,1,0,0,0,4381,109517335,1,0.017654681,0.017654681,1,-1,113,5816,,90602,东柏街社区,双井街道,朝阳区,"大望路,双井",6343.206583,0.57566336
5821,"MULTIPOLYGON (((116.45848097052044 39.89383406049353, 116.45847799646242 39.89355006538324, 116.45925148266986 39.89355499456741, 116.45925546127057 39.893826991822266, 116.46072624492035 39.893820704661834, 116.46072836372309 39.89293075085351, 116.45949033271279 39.8929326223427, 116.45831454737856 39.89295968743966, 116.45813595371135 39.89315023579479, 116.45807372602167 39.89338207202508, 116.45716985880199 39.893376847863294, 116.45717782499673 39.893845846108945, 116.45848097052044 39.89383406049353)))",5821,时代国际嘉园,101718,116.4591745,39.89339957,116.4653242,39.89473336,110105000,朝阳区,双井,浙江金都物业管理有限公司北京分公司,130000,36,2.6,0,850,850,5,1517,2006,3.72,43,23,北京中鑫源房地产开发集团有限公司,81983,0,0,0,1,1,0,0,4618,109516619,0,0.023898774,0.023898774,1,85.69545155,127,5819,,90602,东柏街社区,双井街道,朝阳区,"大望路,双井",6343.206583,0.57566336
5824,"MULTIPOLYGON (((116.46019936720711 39.89507031174554, 116.4606077025835 39.89504834760322, 116.46046835083382 39.89422603090668, 116.46045031582946 39.894033994173526, 116.46040316527387 39.89400687601659, 116.4571747942814 39.894011831281034, 116.45719877020713 39.894810853737965, 116.45820295949909 39.894802326366346, 116.45872663652517 39.894804626832126, 116.45889616952263 39.894899044855094, 116.45907372267425 39.895041482178726, 116.45910783216084 39.89504756699165, 116.4595241742013 39.89507060942117, 116.46019936720711 39.89507031174554)))",5824,天之骄子,101729,116.4589724,39.89448231,116.4651228,39.8958166,110105000,朝阳区,双井,香港中原物业管理公司,136000,33,2.73,0,680,680,9,808,2006,2.822857143,16,6,北京千喜合房地产开发有限公司,73681,0,0,0,1,1,0,0,3747,109520579,0,0.029101386,0.029101386,1,168.3168317,111,5822,,90602,东柏街社区,双井街道,朝阳区,"大望路,双井",6343.206583,0.57566336
5838,"MULTIPOLYGON (((116.45823192216551 39.895837351612556, 116.45822198285828 39.895100359893775, 116.45822199904603 39.894976365866626, 116.45808657733369 39.89489003454753, 116.45654971509737 39.894908265604045, 116.45652856933805 39.89554318606923, 116.45726789569687 39.8955479893483, 116.45727387618854 39.89585599006193, 116.45823192216551 39.895837351612556)))",5838,东环18公寓,101735,116.4574582,39.8953237,116.4636133,39.89666154,110105000,朝阳区,双井,北京东环兴业物业管理有限公司,44509,30,3.4,0,279,279,3,277,2002,2.665,8,4,-1,73507,0,0,0,1,0,0,0,12463,109507587,0,0.013031254,0.013031254,1,160.6823105,84,5837,,90602,东柏街社区,双井街道,朝阳区,"大望路,双井",6343.206583,0.57566336
5820,"MULTIPOLYGON (((116.46312318099012 39.89385287161281, 116.46320144628976 39.893831075643675, 116.46422589371014 39.89383475656882, 116.4646473214168 39.89383586633221, 116.46587751393622 39.893850128680526, 116.46603807259908 39.89378556005562, 116.46644647632388 39.89378465263968, 116.46644952772363 39.89346267556209, 116.46641255029897 39.89226363106178, 116.46591885397197 39.892268312033025, 116.46324077094494 39.892288249103444, 116.46142573221186 39.89231555881605, 116.46143872291884 39.892732572650175, 116.46144269792228 39.89303456948983, 116.46144760822062 39.8938845430373, 116.46295761939871 39.89391543744756, 116.46312318099012 39.89385287161281)))",5820,九龙花园,106120,116.463924,39.89307032,116.4700589,39.89439266,110105000,朝阳区,双井,北京德诚物业管理有限公司,-1,30,2.7,200,600,800,8,2732,2001,1.9925,76,11,-1,58948,0,0,0,1,1,0,0,7298,109508951,0,0.074304195,0.074304195,1,-1,86,5818,,90603,九龙山社区,双井街道,朝阳区,"大望路,双井",6343.206583,0.57566336
5868,"MULTIPOLYGON (((116.47989126447033 39.89776114805858, 116.48002677791351 39.89767354599741, 116.48003301111464 39.89598764001761, 116.47858866483512 39.89597245766282, 116.47859044819074 39.89776938225123, 116.47975073910538 39.89779173939729, 116.47989126447033 39.89776114805858)))",5868,后现代城D区,104045,116.4793073,39.89687637,116.4853901,39.898158,110105000,朝阳区,大望路,北京西宇嘉业物业管理有限公司,-1,30,-1,-1,-1,-1,6,1055,2006,2.5,42,13,北京金马文华园房地产开发有限公司,67607,0,0,0,1,1,0,0,8485,176302280,0,0.024517398,0.024517398,1,-1,103,5867,,646,百子园社区,双井街道,朝阳区,大望路,7625.295635,0.723475216
5869,"MULTIPOLYGON (((116.4828432693015 39.89778076317174, 116.48304603764461 39.89770936059858, 116.4831765283742 39.89769874500115, 116.48317974794702 39.89602582972833, 116.48020364398303 39.89599613501366, 116.48016850567205 39.89605502981584, 116.48015926423875 39.89772492786318, 116.48033691541639 39.89779344181392, 116.48264552457135 39.89781418197896, 116.4828432693015 39.89778076317174)))",5869,后现代城C区,104046,116.4816642,39.89690233,116.4877384,39.89817726,110105000,朝阳区,大望路,北京西宇嘉业物业管理有限公司,-1,30,2.8,500,800,1300,6,2057,2007,2.716666667,88,25,天津中新嘉业房地产开发有限公司,64042,0,0,0,1,0,1,0,8486,176302040,0,0.050948382,0.050948382,1,-1,97,5868,,646,百子园社区,双井街道,朝阳区,大望路,7625.295635,0.723475216
5875,"MULTIPOLYGON (((116.48004063556698 39.89923551640601, 116.48001868401514 39.89819249888478, 116.47997954911693 39.89810738884495, 116.47977280666976 39.89790479766833, 116.47929704732098 39.89787742050663, 116.47787178465524 39.89787830543952, 116.47712002157175 39.89787014589058, 116.47679181938702 39.89786320582232, 116.47675467468855 39.89793309573582, 116.47674562481075 39.898066064097634, 116.47671337602151 39.89911092522908, 116.47673745177201 39.89921498938031, 116.47994426961236 39.89930123346522, 116.48004063556698 39.89923551640601)))",5875,后现代城B区,104051,116.4783806,39.89857544,116.4844669,39.89985973,110105000,朝阳区,大望路,北京西宇嘉业物业管理有限公司,121500,30,2,150,300,450,5,1642,2004,4,39,17,北京金马文华园房地产开发有限公司,53688,0,0,0,1,1,0,0,8487,172123270,0,0.042801974,0.042801974,1,73.99512789,102,5874,,646,百子园社区,双井街道,朝阳区,大望路,7625.295635,0.723475216
5876,"MULTIPOLYGON (((116.48284111002931 39.89899870242823, 116.48302279016968 39.89899723563394, 116.48303383474376 39.89897326870147, 116.48303485547422 39.89884027785661, 116.48304196011838 39.89821332628401, 116.48302088270759 39.898198265337726, 116.48300482261459 39.89819521843464, 116.48295865052137 39.898187083167386, 116.48295065195111 39.89793607069316, 116.48015823631363 39.89791591688612, 116.48013410750309 39.8982328325792, 116.48014201614114 39.8992008124676, 116.4802564260932 39.89932013901324, 116.48283604594678 39.89936267065076, 116.48284111002931 39.89899870242823)))",5876,后现代城A区,104052,116.4815638,39.89862627,116.4876386,39.89990156,110105000,朝阳区,大望路,北京西宇嘉业物业管理有限公司,-1,30,-1,-1,-1,-1,6,1473,2004,2.5,53,21,北京金马文华园房地产开发有限公司,70270,0,0,0,1,1,0,0,8488,172122570,0,0.037963741,0.037963741,1,-1,109,5875,,646,百子园社区,双井街道,朝阳区,大望路,7625.295635,0.723475216
5656,"MULTIPOLYGON (((116.44692546014198 39.88560071859831, 116.4479102015946 39.88557283242034, 116.44897721482664 39.88556915868975, 116.44998209839514 39.8855423840738, 116.44992915170906 39.883907344648264, 116.44933243804167 39.883905020800114, 116.44932447634358 39.883418026220966, 116.44776105622782 39.88341661338603, 116.44582472053446 39.883443500417286, 116.44590372597622 39.88510058582341, 116.44646726275403 39.88510177112988, 116.44651031779699 39.885606838484875, 116.44692546014198 39.88560071859831)))",5656,劲松二区,103937,116.4479049,39.88449946,116.4540847,39.885857,110105000,朝阳区,劲松,房管所代管物业,-1,30,2.5,500,0,500,24,2118,1980,0.9,19,8,北京市城市建设工程开发公司,61136,0,0,0,1,1,0,0,7462,109509375,0,0.077851623,0.077851623,1,-1,109,5652,,635,垂杨柳东里社区,双井街道,朝阳区,劲松,5637.267101,0.26917158
5673,"MULTIPOLYGON (((116.45233088566192 39.88635467153091, 116.45237508554182 39.885812799421224, 116.45193276658392 39.88584578115791, 116.45193473879725 39.88611677207143, 116.45095184275341 39.88612753425838, 116.45093084628161 39.88561051131609, 116.45018367423722 39.88559883182069, 116.45018658444336 39.88637680114852, 116.45233088566192 39.88635467153091)))",5673,垂杨柳南里,109181,116.4510991,39.88606878,116.4572708,39.88742,110105000,朝阳区,劲松,-1,6326,30,1.2,3,-1,3,3,271,1977,0.716666667,3,2,-1,59875,0,0,0,1,0,0,0,11064,109506655,1,0.031245899,0.009883573,0.316315844,23.33722287,95,5671,,635,垂杨柳东里社区,双井街道,朝阳区,劲松,5637.267101,0.26917158
5676,"MULTIPOLYGON (((116.45478710773887 39.888031345070544, 116.45482240522983 39.886527499644444, 116.45245322763446 39.88654094540834, 116.45249330861941 39.8868420231409, 116.45247120238412 39.88716195695878, 116.45243405498775 39.8874558572021, 116.45243397674665 39.88807682828303, 116.45478710773887 39.888031345070544)))",5676,垂杨柳东里,103947,116.4536258,39.88729559,116.4597908,39.88864154,110105000,朝阳区,劲松,-1,-1,30,2,20,-1,20,20,867,1958,0.5,-1,2,-1,63845,0,0,0,1,1,0,0,11065,109506651,0,0.033877613,0.033877613,1,-1,120,5674,,635,垂杨柳东里社区,双井街道,朝阳区,劲松,5637.267101,0.26917158
5677,"MULTIPOLYGON (((116.45002982541621 39.888802336558626, 116.45006401224441 39.88810544560988, 116.45135577684766 39.888118356277175, 116.45139400522919 39.88720048661321, 116.45244411750207 39.887198893014556, 116.45247323485194 39.88695497169465, 116.45248027474497 39.88680799459331, 116.45247025180072 39.88674797473931, 116.45237097384143 39.88660275221531, 116.45231481387759 39.88654562548027, 116.45137703682087 39.886552478314286, 116.44969113174045 39.88656168827134, 116.44966677899868 39.88880852839094, 116.45002982541621 39.888802336558626)))",5677,垂杨柳中里,103949,116.4507499,39.88732756,116.4569227,39.88867957,110105000,朝阳区,劲松,-1,50000,30,2,20,-1,20,16,686,1957,0.5,1,3,-1,67152,0,0,0,1,1,0,0,11061,109506663,0,0.034060197,0.034060197,1,72.88629738,92,5675,,635,垂杨柳东里社区,双井街道,朝阳区,劲松,5637.267101,0.26917158
5679,"MULTIPOLYGON (((116.44720013018197 39.886311271148315, 116.44778576330236 39.886290530083954, 116.44910649057215 39.88630140828342, 116.45003816752751 39.88628147391097, 116.45001817829632 39.88573745511951, 116.44913163291858 39.88574148947822, 116.449118612534 39.88561246734156, 116.44651532702073 39.88563684706287, 116.44656237055699 39.886319914532464, 116.44720013018197 39.886311271148315)))",5679,垂杨柳南里,109182,116.4482181,39.88597431,116.4543973,39.88733132,110105000,朝阳区,劲松,-1,13674,30,1.2,7,-1,7,8,586,1977,0.716666667,6,4,-1,59875,0,0,0,1,0,0,0,11064,109506655,1,0.031245899,0.021362326,0.683684156,23.33722287,95,5677,,635,垂杨柳东里社区,双井街道,朝阳区,劲松,5637.267101,0.26917158
5802,"MULTIPOLYGON (((116.4506202807014 39.89085256509384, 116.45061832917258 39.890416580061185, 116.45125318488658 39.89042901498709, 116.4519703069841 39.89038365408243, 116.45232837745277 39.890337479291304, 116.45375265536086 39.890369791033095, 116.45450494904424 39.89036856615644, 116.45483094878932 39.89036634033437, 116.45486505827591 39.89032942316442, 116.45484010298844 39.889363409194004, 116.45484427134613 39.888125477109156, 116.45368172133442 39.88814072871173, 116.45304178714878 39.88815423293158, 116.45304075472711 39.8883872193947, 116.45302968047542 39.88871317867029, 116.45292134364513 39.88880792224785, 116.45288923964677 39.888864844836746, 116.45217109591943 39.8888571862102, 116.45217619147809 39.888218227789025, 116.45066875415978 39.88821279678319, 116.45068271523519 39.88884279885616, 116.44965975529351 39.888838511787924, 116.4496555302785 39.89052842334809, 116.45029738271808 39.89052685493044, 116.45030937607692 39.89085986579022, 116.4506202807014 39.89085256509384)))",5802,垂杨柳北里,103961,116.4523286,39.88939918,116.4584974,39.89074798,110105000,朝阳区,劲松,-1,-1,30,1.2,-1,-1,-1,46,2539,1981,0.85,10,10,-1,59518,0,0,0,1,1,0,0,11066,109506647,0,0.098930966,0.098930966,1,-1,95,5801,,635,垂杨柳东里社区,双井街道,朝阳区,劲松,5637.267101,0.26917158
5646,"MULTIPOLYGON (((116.445329149121 39.88528738040833, 116.44533216095056 39.88525638797199, 116.44534521371065 39.88511842117822, 116.44537730601792 39.88506949086434, 116.44542644227658 39.885036593663926, 116.44551969567749 39.88502478826342, 116.44564102051675 39.88504904028105, 116.44572725380976 39.885047220053195, 116.44584559110126 39.88491847310911, 116.44584564775846 39.88446749457927, 116.44583764199365 39.8843454835573, 116.4457895399554 39.88411539470974, 116.44576247395912 39.88405734077372, 116.44488812428756 39.88403752870903, 116.44478884722753 39.8841363201351, 116.44476664116758 39.885294218853176, 116.44485086627446 39.88529439242234, 116.44487693582198 39.885294445482316, 116.445329149121 39.88528738040833)))",5646,都城心屿,100755,116.445274,39.88462457,116.4514604,39.88598715,110105000,朝阳区,劲松,北京瀚海阳光物业经营管理有限公司,75628,30,3.9,99,331,430,2,842,2008,2.68,22,13,北京都市房地产开发有限公司,70590,0,0,0,1,1,0,0,10206,109507163,0,0.01118619,0.01118619,1,89.81947743,90,5653,,636,垂杨柳西里社区,双井街道,朝阳区,劲松,5230.336978,0.206902374
5656,"MULTIPOLYGON (((116.44692546014198 39.88560071859831, 116.4479102015946 39.88557283242034, 116.44897721482664 39.88556915868975, 116.44998209839514 39.8855423840738, 116.44992915170906 39.883907344648264, 116.44933243804167 39.883905020800114, 116.44932447634358 39.883418026220966, 116.44776105622782 39.88341661338603, 116.44582472053446 39.883443500417286, 116.44590372597622 39.88510058582341, 116.44646726275403 39.88510177112988, 116.44651031779699 39.885606838484875, 116.44692546014198 39.88560071859831)))",5656,劲松二区,103937,116.4479049,39.88449946,116.4540847,39.885857,110105000,朝阳区,劲松,房管所代管物业,-1,30,2.5,500,0,500,24,2118,1980,0.9,19,8,北京市城市建设工程开发公司,61136,0,0,0,1,1,0,0,7462,109509375,0,0.077851623,0.077851623,1,-1,109,5652,,636,垂杨柳西里社区,双井街道,朝阳区,劲松,5230.336978,0.206902374
5679,"MULTIPOLYGON (((116.44720013018197 39.886311271148315, 116.44778576330236 39.886290530083954, 116.44910649057215 39.88630140828342, 116.45003816752751 39.88628147391097, 116.45001817829632 39.88573745511951, 116.44913163291858 39.88574148947822, 116.449118612534 39.88561246734156, 116.44651532702073 39.88563684706287, 116.44656237055699 39.886319914532464, 116.44720013018197 39.886311271148315)))",5679,垂杨柳南里,109182,116.4482181,39.88597431,116.4543973,39.88733132,110105000,朝阳区,劲松,-1,13674,30,1.2,7,-1,7,8,586,1977,0.716666667,6,4,-1,59875,0,0,0,1,0,0,0,11064,109506655,1,0.031245899,0.021362326,0.683684156,23.33722287,95,5677,,636,垂杨柳西里社区,双井街道,朝阳区,劲松,5230.336978,0.206902374
5683,"MULTIPOLYGON (((116.44950331462633 39.88877116785517, 116.44951044445156 39.88790022481555, 116.44951356599836 39.88700827361299, 116.44948453678205 39.886575229363416, 116.44941735023065 39.88653308263571, 116.44784088814652 39.88652063781723, 116.44776667249403 39.88658647448625, 116.44766133040616 39.88696622940802, 116.4477394581096 39.887686364234355, 116.44770533693179 39.88788728087337, 116.44771631855338 39.88828128645224, 116.44771929890658 39.88849828296941, 116.44771326265698 39.888656262376685, 116.44771425640783 39.888726261108104, 116.44782957467521 39.888755507960354, 116.44793587004438 39.88877973659561, 116.44950331462633 39.88877116785517)))",5683,垂杨柳西里,103948,116.4486092,39.88765099,116.4547877,39.88900733,110105000,朝阳区,劲松,-1,-1,20,1.5,100,-1,100,18,644,1963,0.5,5,1,-1,54817,0,0,0,1,1,0,0,11063,109506659,0,0.038224931,0.038224931,1,-1,92,5681,,636,垂杨柳西里社区,双井街道,朝阳区,劲松,5230.336978,0.206902374
5685,"MULTIPOLYGON (((116.44808126703686 39.88886004785297, 116.4479619332966 39.888851790277954, 116.44769720076522 39.888791220938174, 116.44770422806778 39.888725239478276, 116.4477092705664 39.88850226067086, 116.44770228283414 39.88825225723593, 116.44769930427958 39.88801326240218, 116.44769530859173 39.887892259520186, 116.44772742428131 39.88768433806183, 116.4477073846881 39.8875543014899, 116.44704655025816 39.887539885357455, 116.44699233822587 39.88803074702139, 116.44694418222832 39.888212635804564, 116.44665238010327 39.88820601589498, 116.44630743344135 39.8882112868215, 116.44633242380235 39.88882831077797, 116.44643263076136 39.889363497327565, 116.44724687244525 39.889386226792965, 116.44809323251673 39.88940204856573, 116.44808126703686 39.88886004785297)))",5685,广和东里,103959,116.4471784,39.8886325,116.4533607,39.88999167,110105000,朝阳区,劲松,街道办事处（委员会）代管物业,-1,30,1.2,50,0,50,11,660,1987,0.7,7,5,北京城市建设开发集团有限责任公司,55409,0,0,0,1,0,0,0,9196,109498255,0,0.0215181,0.0215181,1,-1,85,5683,,636,垂杨柳西里社区,双井街道,朝阳区,劲松,5230.336978,0.206902374
5808,"MULTIPOLYGON (((116.44660377624336 39.891934739996316, 116.44818316921794 39.89191612672789, 116.44948988055364 39.891911992544465, 116.44961123327187 39.89187826257182, 116.44952016342484 39.89035413113828, 116.44818938533194 39.8903332138068, 116.44751048981732 39.89029574894971, 116.4475426927412 39.8893988604691, 116.44640655851595 39.889370441892424, 116.44596937019037 39.889339523200476, 116.44595126773686 39.88975546594207, 116.44561836209778 39.889782769359385, 116.44552908190167 39.890092569616456, 116.44569551043946 39.890259908268206, 116.44567839364299 39.890822846097535, 116.44552597924064 39.89083852847534, 116.44468973924018 39.89082480122363, 116.44455236779754 39.89086951821372, 116.44432875047153 39.89106105222584, 116.44436774867268 39.89189509338388, 116.44443792816787 39.891947234277495, 116.44660377624336 39.891934739996316)))",5808,广泉小区,100770,116.4470302,39.89094366,116.453213,39.89230319,110105000,朝阳区,劲松,北京网信物业管理有限公司,856000,30,2,200,300,500,15,2518,2006,1.6,1,3,-1,72711,0,0,0,1,0,0,0,9176,109498755,0,0.088523108,0.088523108,1,339.9523431,92,5807,,636,垂杨柳西里社区,双井街道,朝阳区,劲松,5230.336978,0.206902374
5823,"MULTIPOLYGON (((116.45359159307759 39.89493820313561, 116.4540329335731 39.894934240722705, 116.45405104501981 39.89448530365388, 116.45405216647441 39.89355034866969, 116.45404924277841 39.89286837297709, 116.45400415526763 39.8924742855599, 116.45217565278426 39.89248102867657, 116.45217856928559 39.893214001325134, 116.45220256949301 39.89378303026268, 116.45223754322808 39.89481806360283, 116.45225450534122 39.89551907074855, 116.45225848394193 39.89578206848773, 116.45356540751766 39.89578510369961, 116.45359159307759 39.89493820313561)))",5823,富力城A区,101740,116.4530822,39.89402968,116.4592496,39.89537712,110105000,朝阳区,双井,北京恒富物业管理有限公司,250000,40,2.7,0,2444,2444,10,2243,2004,8,80,27,北京富力城房地产开发有限公司,99386,0,0,0,1,1,0,0,9590,109497095,0,0.053708635,0.053708635,1,111.4578689,142,5821,,643,富力社区,双井街道,朝阳区,双井,5101.484809,0.580827237
5825,"MULTIPOLYGON (((116.45205486663883 39.89588159555922, 116.45206894462615 39.89559364073398, 116.45204198025328 39.894670621551995, 116.45208015107812 39.8942127299336, 116.45206817390715 39.89375072301749, 116.45204314757325 39.89336968296453, 116.44979757819578 39.893392606683506, 116.44984560469095 39.8942766735297, 116.44986855628895 39.895185683072896, 116.44986545632582 39.8959096436152, 116.45205486663883 39.89588159555922)))",5825,富力城C区,101742,116.4509536,39.89463124,116.4571268,39.89598316,110105000,朝阳区,双井,富力物业,200000,40,2.7,0,1686,1686,13,1520,2005,2.8,39,19,-1,99803,0,0,0,1,1,0,0,9588,109497103,0,0.052815971,0.052815971,1,131.5789474,137,5823,,643,富力社区,双井街道,朝阳区,双井,5101.484809,0.580827237
5844,"MULTIPOLYGON (((116.45352416460857 39.89672096430109, 116.45353327833824 39.89603701729459, 116.45221131000403 39.89605394793143, 116.45223525625214 39.89704195841972, 116.45225425982629 39.89746698251531, 116.45235555406566 39.89752321352551, 116.45358725654671 39.89750707699005, 116.45358928811528 39.8973070911494, 116.45355223514765 39.89683602536235, 116.45352416460857 39.89672096430109)))",5844,富力城B区,108718,116.4528919,39.89678279,116.4590602,39.89813076,110105000,朝阳区,双井,北京恒富物业管理有限公司,86558,40,2.7,0,475,475,7,450,2005,5.4,8,5,-1,103310,0,0,0,1,1,0,0,9589,109497099,0,0.040391094,0.018400856,0.455567171,192.5025329,124,5843,,643,富力社区,双井街道,朝阳区,双井,5101.484809,0.580827237
5845,"MULTIPOLYGON (((116.4521098709738 39.897141665355605, 116.45208690318805 39.896347648525186, 116.45162854482157 39.89635559853213, 116.45150918590026 39.89640932403114, 116.45047014158388 39.89642597228084, 116.45037086002719 39.896371752154664, 116.44990852306 39.89637071883368, 116.44993245312025 39.897472721988606, 116.45207974458458 39.89743858282441, 116.4521098709738 39.897141665355605)))",5845,富力城B区,108719,116.4510079,39.89692219,116.4571813,39.8982741,110105000,朝阳区,双井,北京恒富物业管理有限公司,103442,40,2.7,0,567,567,9,537,2005,5.4,9,5,-1,103310,0,0,0,1,1,0,0,9589,109497099,0,0.040391094,0.021990237,0.544432829,192.5025329,124,5844,,643,富力社区,双井街道,朝阳区,双井,5101.484809,0.580827237
5838,"MULTIPOLYGON (((116.45823192216551 39.895837351612556, 116.45822198285828 39.895100359893775, 116.45822199904603 39.894976365866626, 116.45808657733369 39.89489003454753, 116.45654971509737 39.894908265604045, 116.45652856933805 39.89554318606923, 116.45726789569687 39.8955479893483, 116.45727387618854 39.89585599006193, 116.45823192216551 39.895837351612556)))",5838,东环18公寓,101735,116.4574582,39.8953237,116.4636133,39.89666154,110105000,朝阳区,双井,北京东环兴业物业管理有限公司,44509,30,3.4,0,279,279,3,277,2002,2.665,8,4,-1,73507,0,0,0,1,0,0,0,12463,109507587,0,0.013031254,0.013031254,1,160.6823105,84,5837,,90601,黄木厂社区,双井街道,朝阳区,"CBD,双井",6187.598181,0.967865433
5839,"MULTIPOLYGON (((116.45671803580876 39.896559600745036, 116.45671102739209 39.89645358866221, 116.45733700140158 39.896445117947906, 116.4573330425859 39.896016127842074, 116.45585039058312 39.89602252292116, 116.45577916787431 39.89603135066636, 116.45571998079254 39.89606220730508, 116.45572091878546 39.896572186757055, 116.45671803580876 39.896559600745036)))",5839,北菜园,101736,116.4564851,39.89627413,116.4626431,39.89761422,110105000,朝阳区,双井,北京嘉信瑞德物业管理有限公司,121000,20,1.8,150,100,250,5,439,1985,2.68,-1,-1,-1,-1,0,0,0,1,0,0,0,11965,109502971,0,0.007667271,0.007667271,1,275.6264237,-1,5838,,90601,黄木厂社区,双井街道,朝阳区,"CBD,双井",6187.598181,0.967865433
5840,"MULTIPOLYGON (((116.45957915605322 39.89662967681818, 116.45958522108117 39.896268708734, 116.45982198919353 39.89626730489226, 116.45983205710377 39.89598434310301, 116.45887094893521 39.89600493218194, 116.4588748834692 39.89663191343209, 116.45957915605322 39.89662967681818)))",5840,黄木厂6号院,106124,116.459292,39.89628876,116.4654417,39.89762242,110105000,朝阳区,双井,单位自管物业,-1,60,2.7,30,5,35,2,168,1993,0,7,-1,-1,66821,0,0,0,1,0,0,0,8161,164654259,0,0.004916159,0.004916159,1,-1,-1,5839,,90601,黄木厂社区,双井街道,朝阳区,"CBD,双井",6187.598181,0.967865433
5841,"MULTIPOLYGON (((116.45790878496257 39.896596336251946, 116.45859208625586 39.89660241387037, 116.45858606799266 39.89679396856684, 116.4587765471 39.89679466104485, 116.45877363599459 39.896007689503335, 116.45871143888189 39.89598653565014, 116.45823190327974 39.89599234437122, 116.45807540235796 39.89600195632528, 116.45807538976749 39.89609995185134, 116.4579269134963 39.896128583567304, 116.45790780560083 39.89650051978322, 116.45790878496257 39.896596336251946)))",5841,双井北里,106125,116.4583818,39.8963325,116.4645343,39.89766828,110105000,朝阳区,双井,-1,-1,68,1.3,6,1,7,5,632,1991,0,11,-1,-1,61294,0,0,0,1,0,0,0,4382,109517267,0,0.005111903,0.005111903,1,-1,-1,5840,,90601,黄木厂社区,双井街道,朝阳区,"CBD,双井",6187.598181,0.967865433
5842,"MULTIPOLYGON (((116.45790878496257 39.896596336251946, 116.45791077875947 39.89679151431699, 116.45858606799266 39.89679396856684, 116.45859208625586 39.89660241387037, 116.45790878496257 39.896596336251946)))",5842,黄木庄,100825,116.4582484,39.89669586,116.4644013,39.89803196,110105000,朝阳区,双井,-1,-1,60,1.3,5,4,9,1,144,1991,0,6,1,-1,64174,0,0,0,1,0,0,0,8160,109500691,0,0.001246447,0.001246447,1,-1,117,5841,,90601,黄木厂社区,双井街道,朝阳区,"CBD,双井",6187.598181,0.967865433
5846,"MULTIPOLYGON (((116.4582649101975 39.89744712278656, 116.45882408346472 39.89740548237717, 116.45881813534868 39.896864155256594, 116.45791988889187 39.89687605238794, 116.45792583700779 39.89732814967442, 116.4582649101975 39.89744712278656)))",5846,非常生活,105856,116.4583815,39.89714168,116.4645341,39.89847749,110105000,朝阳区,双井,北京天月德物业管理有限责任公司,-1,35,5,156,60,216,1,276,2004,2.79,15,4,北京天相房地产开发有限公司,71617,0,0,0,1,0,0,0,10046,109496715,0,0.004614298,0.004614298,1,-1,108,5845,,90601,黄木厂社区,双井街道,朝阳区,"CBD,双井",6187.598181,0.967865433
5877,"MULTIPOLYGON (((116.45986373932021 39.899342272228125, 116.4601165639283 39.89932091063156, 116.46017183266406 39.89861508222032, 116.46096643225508 39.89860809988397, 116.46095945081811 39.898274097071976, 116.46094952140334 39.89745210862799, 116.46094356879075 39.896917117231226, 116.46094260831478 39.89657813037644, 116.46082228352168 39.89602084928282, 116.46043200563258 39.896029856892426, 116.45986415480695 39.89603642104407, 116.4598490255122 39.89667535428424, 116.45902636347591 39.89668628914097, 116.45902524471933 39.89760724527821, 116.4580782109407 39.89759989152185, 116.45810115804204 39.89860490279409, 116.45809710659626 39.898908879940905, 116.45809907611158 39.899199871776716, 116.45810407184547 39.8993598764572, 116.45860667955469 39.89936212296368, 116.45986373932021 39.899342272228125)))",5877,御宸上院,106131,116.4596369,39.89787878,116.4657857,39.89921171,110105000,朝阳区,双井,北京天和佳祥物业管理有限公司,-1,80,1.6,1,1,2,6,1244,-1,3.58,-1,-1,-1,-1,0,0,0,1,0,0,0,1088,185214999,0,0.06500321,0.06500321,1,-1,-1,5876,,90601,黄木厂社区,双井街道,朝阳区,"CBD,双井",6187.598181,0.967865433
5878,"MULTIPOLYGON (((116.4579666869131 39.89894155590815, 116.45792374518476 39.897389519410865, 116.45700984872565 39.897401274449294, 116.45689448279416 39.897418991992936, 116.45682526197629 39.897440822136275, 116.45678613157475 39.89750272427136, 116.45679210846913 39.897835723439925, 116.4567890624653 39.89812770273136, 116.45676798505451 39.89821164814907, 116.45673587655949 39.89827656661032, 116.45703277873986 39.89853427993313, 116.45753532709375 39.89885149689911, 116.45777106368371 39.898944073110556, 116.4579666869131 39.89894155590815)))",5878,世桥国贸,101749,116.4574162,39.89807892,116.4635717,39.89941698,110105000,朝阳区,双井,北京世和物业管理有限公司,61000,35,4.6,174,300,474,4,374,2003,4,12,6,北京世桥房地产开发有限公司,73396,0,0,0,1,0,0,0,4543,109518103,0,0.014469398,0.014469398,1,163.1016043,108,5877,,90601,黄木厂社区,双井街道,朝阳区,"CBD,双井",6187.598181,0.967865433
5884,"MULTIPOLYGON (((116.45804909269157 39.901014958173846, 116.45846668838703 39.90103637372971, 116.45849881127117 39.900443887775225, 116.45796343226664 39.900418903709465, 116.45792773997323 39.90097212796138, 116.45804909269157 39.901014958173846)))",5884,厂坡小区,106130,116.4582155,39.90072557,116.464369,39.90206193,110105000,朝阳区,CBD,-1,-1,-1,-1,-1,-1,-1,1,90,-1,-1,-1,-1,-1,-1,0,0,0,1,0,0,0,11308,185300147,0,0.003006535,0.003006535,1,-1,-1,5883,,90601,黄木厂社区,双井街道,朝阳区,"CBD,双井",6187.598181,0.967865433
5828,"MULTIPOLYGON (((116.48259488554561 39.89338423399528, 116.48257787037244 39.89299120238212, 116.4825940069079 39.89238027762775, 116.48259704661643 39.892151296745, 116.48223168084746 39.89214622636729, 116.48165351929458 39.89216353471943, 116.48012382375555 39.89216307786381, 116.48013672003367 39.89338805881192, 116.48259488554561 39.89338423399528)))",5828,金茂府东区,100819,116.4813613,39.89277169,116.4874361,39.8940473,110105000,朝阳区,大望路,中化金茂物业管理（北京）有限公司,280000,30,2.25,0,352,352,7,764,2014,6.65,30,13,中化方兴置业（北京）有限公司,68679,0,1,0,1,1,0,0,7625,183939715,0,0.028613136,0.028613136,1,366.4921466,179,5826,,90604,茂兴社区,双井街道,朝阳区,大望路,7198.526203,0.352545471
5829,"MULTIPOLYGON (((116.47835813981635 39.89335591164604, 116.47995605792585 39.89331653752822, 116.48002934817589 39.89317175747067, 116.48003241666277 39.89271278756513, 116.48001943494899 39.892177773685376, 116.47924857746 39.8921775389623, 116.47754428753888 39.89219062140012, 116.47682564828506 39.89220055980803, 116.47683353713808 39.89332853088706, 116.4775953321589 39.89334271589365, 116.4779948002199 39.89335686402808, 116.47835813981635 39.89335591164604)))",5829,金茂府南区,104010,116.4784282,39.89276169,116.4845136,39.89404559,110105000,朝阳区,大望路,中化金茂物业管理（北京）有限公司,-1,30,2.25,0,192,192,3,461,2013,6.65,19,10,中化方兴置业（北京）有限公司,88025,0,0,0,1,1,0,0,7624,183744651,0,0.034993916,0.034993916,1,-1,172,5827,,90604,茂兴社区,双井街道,朝阳区,大望路,7198.526203,0.352545471
5833,"MULTIPOLYGON (((116.47907750302443 39.89572088221297, 116.47905851923531 39.89502485821072, 116.47907678176807 39.89346198218476, 116.47698005558516 39.89347894339858, 116.47684254654632 39.893518547742815, 116.47678131080886 39.893604368247054, 116.47677703812985 39.895671262119095, 116.47812096970699 39.895732119241984, 116.47907750302443 39.89572088221297)))",5833,金茂府北区,104040,116.4779314,39.89459314,116.4840189,39.89587852,110105000,朝阳区,大望路,中化金茂物业管理有限公司,-1,30,2.25,15,817,832,8,392,2012,6.5,18,1,中化方兴置业（北京）有限公司,140304,0,0,0,1,0,0,0,7626,184185431,1,0.048584688,0.048584688,1,-1,224,5832,,90604,茂兴社区,双井街道,朝阳区,大望路,7198.526203,0.352545471
5818,"MULTIPOLYGON (((116.45204816399166 39.89335769500167, 116.45201617690509 39.89250166092296, 116.4519459794235 39.89241850421064, 116.45185872090326 39.89241730361573, 116.44985285592463 39.89244977363819, 116.44981173082681 39.89249967971648, 116.44981362569831 39.89338064300233, 116.45204816399166 39.89335769500167)))",5818,怡馨园,100771,116.4509231,39.89290293,116.4570962,39.89425483,110105000,朝阳区,双井,北京建怡物业管理有限公司,30000,30,3.8,150,500,650,3,576,1998,1.875,10,7,北京住总房地产开发有限责任公司,64664,0,0,0,1,1,0,0,1603,109528679,0,0.019676847,0.019676847,1,52.08333333,87,5817,,638,双花园社区,双井街道,朝阳区,双井,4777.038101,0.136441519
5825,"MULTIPOLYGON (((116.45205486663883 39.89588159555922, 116.45206894462615 39.89559364073398, 116.45204198025328 39.894670621551995, 116.45208015107812 39.8942127299336, 116.45206817390715 39.89375072301749, 116.45204314757325 39.89336968296453, 116.44979757819578 39.893392606683506, 116.44984560469095 39.8942766735297, 116.44986855628895 39.895185683072896, 116.44986545632582 39.8959096436152, 116.45205486663883 39.89588159555922)))",5825,富力城C区,101742,116.4509536,39.89463124,116.4571268,39.89598316,110105000,朝阳区,双井,富力物业,200000,40,2.7,0,1686,1686,13,1520,2005,2.8,39,19,-1,99803,0,0,0,1,1,0,0,9588,109497103,0,0.052815971,0.052815971,1,131.5789474,137,5823,,638,双花园社区,双井街道,朝阳区,双井,4777.038101,0.136441519
5866,"MULTIPOLYGON (((116.43974744928539 39.899547621625516, 116.44160342875534 39.899740358031124, 116.44171764265514 39.89825557463513, 116.44196748601075 39.89648525559011, 116.44205711244581 39.895897925448935, 116.4407662552585 39.89578490045284, 116.44066512829306 39.897581393366636, 116.44052830903433 39.898580767688316, 116.44034390035074 39.8987294840785, 116.43980257323028 39.8987294840785, 116.43979786438001 39.89890199473132, 116.43974744928539 39.899547621625516)))",5866,双花园西里,106129,116.4410867,39.89789731,116.4472845,39.89926791,110105000,朝阳区,双井,北京金海燕物业管理有限公司光环物业管理分公司,-1,20,2.5,-1,-1,-1,14,1357,1997,0.6,28,8,北京金隅嘉业房地产开发公司,66906,0,0,0,1,0,0,0,4386,109517231,0,0.049084587,0.049084587,1,-1,100,5865,,638,双花园社区,双井街道,朝阳区,双井,4777.038101,0.136441519
5889,"MULTIPOLYGON (((116.44386449704893 39.89921773950716, 116.44387667476884 39.89806781597696, 116.44181234756182 39.898068717996985, 116.44174199000086 39.899483517950046, 116.44249290502364 39.899468989402415, 116.44259918420506 39.899423201319735, 116.44267738655218 39.8994133564413, 116.44319773248945 39.89940539114593, 116.44324886884034 39.89937949426832, 116.44332909106481 39.89926565988236, 116.44336418620833 39.89923973152844, 116.44345642787187 39.899227917134745, 116.44386449704893 39.89921773950716)))",5889,双花园南里一区,108723,116.4427818,39.89873333,116.4489759,39.90010105,110105000,朝阳区,双井,北京市光环物业管理中心,35021,25,3,210,0,210,8,725,2000,1.1,15,1,北京金隅嘉业房地产开发公司,60718,0,0,0,1,1,0,0,4387,109517223,0,0.0372922,0.026120454,0.700426728,48.30917874,81,5888,,638,双花园社区,双井街道,朝阳区,双井,4777.038101,0.136441519
